id,icao_24bit,aircraft_code,registration,origin_airport_iata,destination_airport_iata,flight_no,airline_icao,callsign,time,duration,latitude,longitude,altitude,ground_speed,turn1,turn2,turn3,turn4,deltaD1,deltaD2,deltaD3,deltaD4
3479f758,885178,B77W,HS-TKX,BKK,LHR,TG916,THA,THA916,31.2,20.783333333333335,49.72,10.32,34596.42857142857,449.7142857142857,2,2,2,2,1012.046785570587,-1012.046785570587,736.1968919658793,-386.18392027482315
347a0e38,76CD43,A359,9V-SJC,SIN,CDG,SQ332,SIA,SIA332,45.1,20.658333333333335,49.255,10.16,38262.5,458.25,3,9,15,0,0.0,2192.25498757555,-177.07474485031707,0.0
347a113c,781284,A333,B-1017,SZX,LHR,ZH9067,CSZ,CSZ9067,17.35,19.65,56.14,14.59,35415.0,441.9,14,3,0,12,0.0,0.0,465.7581754387824,1093.2132136371533
347a1bba,71C362,A359,HL8362,ICN,FCO,OZ561,AAR,AAR561,31.183333333333334,20.28095238095238,40.87,20.72,37903.57142857143,457.2857142857143,4,2,10,8,0.0,667.6881817847185,-667.6881817847185,0.0
347a1c11,89900D,B77W,B-16739,BKK,LHR,BR67,EVA,EVA067,1.1666666666666667,20.533333333333335,50.88,8.69,36005.0,448.2,11,2,2,22,0.0,0.0,0.0,493.886886025533
347a1f0d,39B221,B77L,F-HMRB,HKG,CDG,2C611,CMA,CMA611,18.416666666666664,20.152380952380955,45.795,22.075,34703.57142857143,461.57142857142856,1,0,3,15,0.0,0.0,0.0,0.0
347a26ec,780204,B77W,B-KPD,HKG,LHR,CX253,CPA,CPA253,17.25,19.901666666666664,48.205,15.745000000000001,36000.0,453.0,2,2,17,18,0.0,936.4577582353016,-936.4577582353016,0.0
347a3160,7810C6,A332,B-8776,CKG,LHR,GS7965,GCR,GCR7965,46.35,19.397916666666667,55.129999999999995,13.415,38000.0,439.875,18,6,3,9,0.0,0.0,0.0,971.6149747730876
347a3263,770590,A333,4R-ALP,CMB,LHR,UL503,ALK,ALK503,16.183333333333334,20.658333333333335,49.504999999999995,10.52,40000.0,441.1666666666667,2,3,2,3,-1158.4554485717165,328.95557155348564,186.48551766690838,-331.46036618557025
347a50d1,5110FC,SF34,ES-NSC,,,OJ903,NYX,,46.13333333333333,23.158333333333335,60.870000000000005,25.93,14381.25,232.25,50,16,4,0,0.0,0.0,138.30700498333104,0.0
347a69bc,400A99,B737,G-NEWG,DWC,NCL,,BRO,BRO922B,45.15,18.891666666666666,52.55,4.915,40000.0,422.75,2,15,9,0,0.0,0.0,0.0,0.0
347a7813,600865,IL76,4K-AZ101,LPA,GYD,ZP2123,AZQ,AZQ2123,1.15,20.026666666666664,41.53,43.57,32145.0,414.8,4,2,9,2,3511.018625885221,1753.6173593650774,-3476.9911114212628,3962.2299547230423
347a79b0,A8320E,B748,N627UP,SDF,DXB,5X76,UPS,UPS76,32.36666666666667,20.78181818181818,44.43,16.75,35547.72727272727,508.3636363636364,11,2,7,25,0.0,0.0,6738.741909258432,-6738.741909258432
347a8b71,E07211,A332,LV-GHQ,EZE,FCO,AR1140,ARG,ARG1140,1.2,14.183333333333334,37.86,4.81,39600.0,508.6,34,2,1,18,0.0,1389.5609792208552,383.8670301998968,-1502.6026036131216
347aa1ee,4A1A61,B744,YR-FSA,SHJ,BHX,NJ3319,RCR,RCR3319,31.183333333333334,19.523809523809522,48.6,9.9,34000.0,456.42857142857144,1,2,7,18,0.0,0.0,0.0,0.0
347ab226,AAA32D,B788,N785AV,BOG,MAD,AV46,AVA,AVA046,16.25,22.655555555555555,39.53,-10.105,36291.666666666664,435.1666666666667,7,1,2,24,-4137.662181069398,1408.2053429041025,-4917.188062759833,-366.873996902993
347ab547,78131E,A332,B-1043,LIS,HGH,JD622,CBJ,CBJ622,16.2,19.144444444444442,63.475,40.78,37000.0,507.1666666666667,14,5,3,10,0.0,0.0,0.0,0.0
347ab59a,70C126,A21N,A4O-OXA,MCT,MUC,OV995,OMS,OMS995,46.35,19.397916666666667,45.665000000000006,23.405,35403.125,438.625,28,12,4,21,0.0,0.0,0.0,0.0
347ab81d,A1CB05,A21N,N2142J,JFK,LHR,B61107,JBU,JBU1107,45.03333333333333,21.408333333333335,51.54,-9.11,35006.25,488.75,2,3,13,0,529.287775428615,-529.287775428615,0.0,0.0
347abd28,3C4588,B77L,D-AALH,BAH,LEJ,3S539,BOX,BOX539,45.11666666666667,18.891666666666666,47.565,20.475,34000.0,464.75,2,1,2,0,0.0,0.0,0.0,0.0
347ac908,010256,A321,SU-TCM,SVO,HRG,UJ402,LMU,LMU402,1.1666666666666667,19.016666666666666,38.31,29.02,34980.0,454.8,8,6,3,32,0.0,0.0,0.0,0.0
347acaf3,51012D,B738,EW-544PA,IST,MSQ,B2784,BRU,BRU784,16.2,19.141666666666666,54.03,38.480000000000004,35833.333333333336,378.8333333333333,15,41,16,24,0.0,0.0,0.0,0.0
347acd91,503D74,A320,LY-PNG,HRG,TLL,MYX586,HST,MYX586,45.15,18.891666666666666,53.745,22.945,36756.25,486.75,2,3,0,0,0.0,0.0,0.0,0.0
347ad926,04016C,B38M,ET-AWI,ADD,IST,ET722,ETH,ETH722,45.13333333333333,19.904166666666665,36.96,30.75,39037.5,437.5,1,3,18,0,0.0,0.0,0.0,0.0
347adde7,45AA53,A320,OY-JRS,LPA,BER,SR3601,DTR,SDR30MH,45.15,18.891666666666666,47.4,9.1,35987.5,497.75,19,23,11,0,0.0,0.0,0.0,0.0
347ade9a,4B17DD,GLF5,HB-JAZ,GVA,ALA,PP550,PJS,PJS550,16.21666666666667,19.144444444444442,40.14,43.38,44995.833333333336,514.0,8,4,5,7,3376.8779880887614,-226.274413283194,-230.0935548222169,-2242.2634362905105
347ae599,4D0115,B744,LX-ECV,DWC,LUX,CV7205,CLX,CLX7XM,3.4333333333333336,20.02692307692308,44.22,22.96,33219.230769230766,478.0769230769231,19,2,2,11,0.0,631.3796608849839,-631.3796608849839,0.0
347ae904,7810C4,B763,B-1589,KGF,LGG,O37429,CSS,CSS7429,3.5,20.025641025641026,56.54,25.21,36011.53846153846,376.0,3,2,6,51,0.0,0.0,0.0,0.0
347aeb85,151E80,B739,RA-73344,SCW,AER,EO460,KAR,KAR460,45.11666666666667,18.891666666666666,43.584999999999994,47.015,34000.0,429.25,62,4,5,0,0.0,0.0,0.0,0.0
347aed06,3CCD4B,LJ60,D-CFAX,DWC,TZX,IFA1065,IFA,IFA1065,16.266666666666666,19.144444444444442,38.105,45.364999999999995,38008.333333333336,413.0,3,1,31,20,0.0,0.0,0.0,0.0
347af22f,4BD189,B738,TC-TLI,MUC,EBL,IA298,IAW,IAW298,44.166666666666664,19.141666666666666,38.405,40.0,35000.0,481.25,1,3,13,0,0.0,723.2673587388241,-723.2673587388241,0.0
347af3f8,A2CB32,B789,N27964,EWR,DEL,UA816,UAL,UAL816,16.233333333333334,15.658333333333333,48.535,19.48,36316.666666666664,494.5,3,3,2,1,-368.20857361157243,-693.5963305138008,0.0,833.3740331711585
347af544,732541,A332,EP-IJA,FRA,IKA,IR720,IRA,IRA720,46.333333333333336,19.397916666666667,39.555,39.41,40996.875,491.625,2,5,5,2,0.0,0.0,826.9759510387506,191.91462925057897
347af587,501C15,A320,9A-IRM,FUE,KSF,SR3263,BER,SDR36GQ,1.15,19.27,46.06,6.19,35600.0,482.4,7,14,6,27,0.0,0.0,1049.008104640926,-1049.008104640926
347afa46,151F37,GLEX,RA-73527,AZI,VKO,RSJ9627,RSJ,RSJ9627,2.3,19.52037037037037,48.29,45.1,39569.444444444445,453.3333333333333,22,0,34,5,0.0,0.0,0.0,0.0
347afe78,486648,B39M,PH-CDP,HRG,AMS,CD620,CND,CND620,1.15,20.283333333333335,49.65,11.46,34450.0,438.4,11,1,2,15,0.0,660.6589928826661,916.2171420977195,322.9622718686387
347b00c5,440A8D,B744,OE-IFK,NQZ,LGG,3V854,ABR,TAY854,17.3,18.358333333333334,46.255,21.99,34002.5,469.6,12,14,2,7,0.0,0.0,0.0,907.163419908176
347b0480,89649D,A388,A6-API,LHR,AUH,EY20,ETD,ETD71M,16.233333333333334,20.658333333333335,38.769999999999996,40.44,39000.0,497.3333333333333,1,2,1,42,247.8018982567491,-247.8018982567491,6164.9966920206425,-4199.8483219881355
347b04b7,46D1F9,C650,SX-TOY,ATH,BQH,LLK601,LLK,LLK601,45.13333333333333,18.891666666666666,49.855000000000004,6.775,37081.25,381.5,1,5,2,0,0.0,0.0,0.0,0.0
347b05d9,06A1D3,GLF6,A7-CGO,MAD,NAS,QE248,QQE,QQE248,44.95,19.645833333333332,40.92,-12.4,42643.75,509.0,2,2,0,0,-101.97879694324024,698.9596757104359,-1276.4706870004943,0.0
347b0641,501C2F,A319,9A-MUC,LPA,DRS,SR3469,BER,SDR36NB,46.233333333333334,20.908333333333335,43.92,7.745,35521.875,485.625,13,8,1,21,6045.110013846848,-6045.110013846848,0.0,0.0
347b07e8,740822,B788,JY-BAB,LHR,AMM,RJ112,RJA,RJA112,16.083333333333336,21.908333333333335,36.85,27.575,38987.5,504.6666666666667,1,1,12,5,0.0,451.7768735948291,-451.7768735948291,0.0
347b0875,150694,CRJ2,RA-67220,DWC,,RFE9005,PLG,RFE9005,2.283333333333333,19.774074074074075,39.23,39.03,32933.333333333336,400.8888888888889,26,9,1,16,-819.3917685906544,0.0,0.0,0.0
347b0bb6,4CAA15,B789,EI-MGL,FRA,UBN,OM138,MGL,MGL138,16.15,19.141666666666666,56.155,40.730000000000004,36983.333333333336,509.5,3,11,2,8,0.0,0.0,0.0,0.0
347b0e7a,780A7B,A332,B-LNV,ALA,IST,RH9489,HKC,HKC9489,17.183333333333334,20.656666666666666,41.585,41.57,34665.0,429.9,1,48,5,32,5645.845074785059,-4022.0085411607224,-1623.8365336243369,0.0
347b0f68,730601,A343,EP-APA,IKA,IST,EP512,IRC,IRC512,45.11666666666667,18.891666666666666,40.165000000000006,35.995000000000005,38000.0,457.75,0,3,1,0,0.0,974.6751985137806,30.87510868667016,0.0
347b113e,76CCE2,A359,9V-SGB,EWR,SIN,SQ21,SIA,SIA21,3.4166666666666665,19.09102564102564,48.25,5.52,37004.153846153844,531.5384615384615,33,3,4,23,0.0,0.0,0.0,2666.592964399132
347b124c,511170,A20N,ES-MBA,TFS,MUC,DI6585,MBU,MBU6585,2.25,19.524074074074075,42.84,-0.04,37108.333333333336,484.44444444444446,20,7,9,35,0.0,654.6259669876068,-654.6259669876068,0.0
347b1464,4D2475,B738,9H-KAR,FCO,TLV,BZ131,BBG,BBG131,2.216666666666667,19.775925925925925,37.0,24.02,37000.0,459.22222222222223,1,10,1,21,0.0,0.0,0.0,0.0
347b17c4,A0E1E8,GLEX,N156QS,CAT,CGN,,EJA,N156QS,31.2,19.271428571428572,45.4,-2.75,39517.857142857145,492.42857142857144,21,5,14,20,0.0,1385.1194025703758,-1385.1194025703758,0.0
347b17d6,AB5C12,B789,N831AA,ORD,LHR,AA90,AAL,AAL90,16.183333333333334,23.158333333333335,53.465,-6.56,29004.166666666668,467.3333333333333,5,3,10,163,-50.11697920496135,-852.1214555234754,942.0090317952482,-684.6366959108772
347b18b7,05E057,B38M,5T-CLJ,NKC,TUN,L6116,MAI,MAI116,45.11666666666667,19.904166666666665,36.175,3.455,35000.0,506.75,8,38,9,0,0.0,1520.978037610082,-1520.978037610082,0.0
347b1900,440028,C55B,OE-GPS,TOS,DUS,,TYW,TYW848S,1.2,19.016666666666666,56.71,9.99,38000.0,357.6,7,0,1,4,0.0,0.0,0.0,611.2372625194608
347b1a2b,A0BE20,GLEX,N147QS,LTN,DWC,,EJA,N147QS,46.25,21.158333333333335,40.875,19.72,40993.75,506.75,7,2,8,15,-1502.1199260942974,0.0,4232.386266935635,-3912.8950712950355
347b1ed0,4B8467,B744,TC-ACG,IST,CDG,TK6307,RUN,THY6307,1.1333333333333333,19.016666666666666,48.61,13.53,37590.0,457.4,1,1,2,35,0.0,371.4887329238774,-371.4887329238774,0.0
347b2104,4CC546,A21N,TF-PLB,AGP,KEF,,FPY,FPY43M,32.233333333333334,19.775757575757577,52.18,-10.81,39013.63636363636,367.6363636363636,11,0,13,19,0.0,0.0,0.0,933.7113740049464
347b2484,140AC5,E35L,RA-02757,TAS,,DXT9657,DXT,DXT9657,1.1,19.776666666666664,43.48,46.91,38000.0,423.2,2,1,4,5,579.4583949780499,-579.4583949780499,0.0,0.0
347b24c9,4B028C,E290,HB-AZC,HRG,ZRH,2L719,OAW,OAW719,31.183333333333334,20.27857142857143,42.68,17.54,38000.0,408.14285714285717,5,1,11,6,-665.654976144575,0.0,0.0,0.0
347b24fc,600B22,B744,4K-BCH,LGG,GYD,7L752,AZG,AZG752,32.3,20.278787878787877,42.25,35.33,35797.72727272727,474.8181818181818,1,2,2,12,0.0,0.0,0.0,469.0637701619599
347b2506,4A29F9,A320,YR-JOY,DUB,IAS,H4244,HYM,HYS244,45.06666666666667,19.395833333333332,48.92,19.74,37000.0,466.0,2,2,20,0,0.0,0.0,0.0,0.0
347b2748,3CF571,C25B,D-CUGF,PAD,AGP,,ATL,ATL6U,31.216666666666665,19.271428571428572,42.23,-2.04,40200.0,375.7142857142857,1,1,1,12,0.0,0.0,1614.6198907948633,-1614.6198907948633
347b28bb,47B12E,B789,LN-FNC,OSL,BKK,N091,NBT,NBT091,3.4,21.032051282051285,40.5,37.03,34680.769230769234,507.3076923076923,1,2,9,14,148.91105592162353,764.0668260392284,37.782470581425855,35.236107582434556
347b296b,142AFC,GLF4,RA-11044,GOJ,,MMM9632,MMM,MMM9632,1.1666666666666667,19.016666666666666,44.27,46.54,43000.0,463.2,45,58,21,15,0.0,0.0,0.0,1606.2085148369215
347b2a22,3CCBB6,C55B,D-CELI,PNA,BER,,EUL,EUL5R,45.166666666666664,18.891666666666666,35.605,-7.7,41000.0,340.75,2,7,0,0,0.0,2424.776274142624,-2424.776274142624,0.0
347b2a2e,44A0C8,C56X,OO-HFH,RTM,XRY,,BNJ,OOHFH,1.15,19.016666666666666,42.17,-2.08,42905.0,400.0,0,1,7,0,1832.0087881102536,-1832.0087881102536,692.7346946193459,188.9341195535933
347b2ae8,A95C2F,B744,N702CA,,,,NCR,CMB559,48.516666666666666,19.408333333333335,47.965,18.295,34650.0,466.75,23,0,1,31,2554.3907159981286,-2554.3907159981286,1535.9154813264045,-1535.9154813264045
347b2bf0,39A205,B738,F-HIQF,IST,CDG,FX4713,ABR,FDX4713,45.083333333333336,20.158333333333335,49.34,9.485,35081.25,417.0,8,2,10,0,340.6937793865036,39.62019950511899,-380.3139788916226,0.0
347b2d49,508405,B738,UR-SQC,RMO,CDG,5F901,SQP,FIA901,16.2,19.144444444444442,49.805,12.73,37337.5,413.8333333333333,12,2,11,10,0.0,1008.95855797956,-1008.95855797956,0.0
347b2da7,4D2103,CRJ2,9H-JOY,IST,PSA,,AXY,AXY134J,45.06666666666667,19.141666666666666,42.315,17.005,34000.0,389.5,1,1,1,0,0.0,215.23900062384905,-215.23900062384905,0.0
347b3193,347648,E295,EC-OEP,FLR,LPA,NT3073,IBB,IBB1ZF,2.3,19.524074074074075,38.13,-2.67,35000.0,398.55555555555554,14,14,1,0,0.0,0.0,0.0,0.0
347b3268,717C74,A20N,HZ-NS68,JED,MRS,XY659,KNE,KNE659,31.116666666666667,22.033333333333335,42.41,13.54,34703.57142857143,399.7142857142857,20,2,1,46,-546.6680326156927,5360.902419944682,-6530.835880792773,8025.104760021518
347b32ad,3C56A1,A321,D-AEUA,CMN,FRA,LH8349,GEC,GEC8349,1.15,19.27,46.32,0.09,34010.0,463.8,1,1,0,42,0.0,0.0,0.0,4917.3882412786525
347b3350,899105,B744,B-18719,AMS,BOM,CI5686,CAL,CAL5686,47.266666666666666,20.901388888888885,41.94,36.39,32993.75,488.6666666666667,2,2,6,4,0.0,0.0,883.5522991537792,6733.439630577677
347b336d,398699,A21N,F-HBUZ,ORY,EWR,B0300,DJT,DJT300,16.15,19.141666666666666,52.86,-10.915,34979.166666666664,340.8333333333333,2,1,2,17,0.0,0.0,0.0,0.0
347b33b9,3009C5,FA7X,I-FDIA,FAB,CIA,SIO626,SIO,SIO626,1.1166666666666667,19.016666666666666,45.78,6.2,41145.0,498.0,5,3,1,10,0.0,0.0,0.0,0.0
347b34cb,600012,B735,EK-SHC,EVN,,,SHS,,16.183333333333334,19.144444444444442,48.1,51.95,35004.166666666664,422.8333333333333,2,20,0,16,0.0,0.0,0.0,0.0
347b34e2,39C5CA,A333,F-HROK,ORY,ABJ,SS984,CRL,CRL984,1.1166666666666667,19.016666666666666,37.92,2.36,37400.0,439.2,10,3,1,2,1198.4723986459448,-1198.4723986459448,0.0,0.0
347b353a,4B1942,A320,HB-JOS,ZRH,PRN,GM602,GSW,GSW2KP,45.06666666666667,19.141666666666666,43.92,16.19,34693.75,447.75,9,1,2,0,0.0,0.0,0.0,0.0
347b369e,5084D2,B753,UR-SLB,WAW,RMF,QU2247,UTN,UTN2247,31.216666666666665,20.02857142857143,38.71,25.68,33000.0,461.2857142857143,5,6,1,15,0.0,0.0,2086.4958395864446,-2086.4958395864446
347b37e6,4CA961,B38M,EI-RZC,SSH,MXP,NO4529,NOS,NOS4529,16.166666666666664,20.658333333333335,42.025,14.635,34379.166666666664,398.5,1,1,1,3,0.0,1634.335831980996,421.26886845196555,-2055.6047004329616
347b395e,683298,B738,UP-B3732,AKX,IST,DV495,VSV,VSV495,2.183333333333333,20.279629629629632,40.38,41.13,35975.0,422.55555555555554,15,12,5,22,-2150.8167959176208,0.0,0.0,0.0
347b3990,060040,A359,3B-NCE,CDG,MRU,MK15,MAU,MAU15,46.266666666666666,19.397916666666667,39.89,17.695,36500.0,516.875,25,2,1,0,0.0,0.0,0.0,1001.0028516714788
347b3a2d,4B0294,E295,HB-AZK,VNO,ZRH,LX1341,OAW,SWR1341,45.21666666666667,18.891666666666666,51.41,15.875,38000.0,411.75,2,7,1,0,0.0,0.0,0.0,0.0
347b3ad1,4C01EE,A320,YU-APO,MAD,BEG,JU571,ASL,ASL84M,31.216666666666665,19.18611111111111,44.955,6.279999999999999,33766.666666666664,501.1666666666667,1,23,7,14,0.0,0.0,0.0,230.39073299729552
347b3c63,3475C9,A321,EC-OCT,AGP,LGW,,PVG,TOM807P,1.0333333333333334,19.523333333333333,45.89,-2.7,35625.0,423.4,349,1,1,0,544.0040265672068,-544.0040265672068,0.0,0.0
347b3d7f,706056,B77W,9K-AOC,LHR,KWI,KU102,KAC,KAC102,32.35,21.183333333333334,41.86,31.214999999999996,33857.142857142855,454.14285714285717,2,2,2,28,413.0436305696817,-413.0436305696817,0.0,6197.3421515747405
347b4020,3A2E23,B77W,F-OLRD,CDG,RUN,UU974,REU,REU974,17.25,22.158333333333335,42.22,15.68,30717.5,530.8,16,8,2,5,-3402.1502714119947,0.0,0.0,712.3725482928345
347b4212,503CC0,B738,LY-LOC,TFS,HAM,DI6449,KLJ,MBU6449,3.3333333333333335,20.77948717948718,45.07,-3.21,33778.846153846156,451.46153846153845,14,1,4,29,0.0,0.0,0.0,197.30300795541515
347b42de,0101DC,B789,SU-GES,JFK,CAI,MS986,MSR,MSR986,16.233333333333334,15.658333333333333,47.45,-2.665,38325.0,544.3333333333334,6,2,2,2,2708.1720391747685,-3288.7709654239115,-826.2195854938099,7322.932659032248
347b44a8,4CAAC1,B738,EI-GRJ,BLQ,RMF,NO6588,NOS,NOS6588,59.93333333333333,19.266666666666666,37.3,21.44,35000.0,478.6,5,9,5,7,0.0,519.4669145360996,-519.4669145360996,0.0
347b474a,155BF6,SU95,RA-89078,AYT,DME,IO1802,IAE,IAE1802,18.333333333333336,20.50897435897436,45.23,43.38,34773.07692307692,424.46153846153845,13,18,29,230,0.0,0.0,1380.2820288663652,846.700612810057
347b4813,4CADA0,C56X,EJ-PRLN,DUB,AGP,SON5,SON,SON005,46.28333333333333,19.397916666666667,45.405,-4.484999999999999,39606.25,437.0,0,0,1,13,1071.9930366386843,-656.1327061716468,-415.8603304670376,676.9219167607758
347b48bd,347647,E295,EC-OEC,VCE,LPA,NT3063,IBB,IBB5UV,45.05,21.158333333333335,35.47,-7.26,37000.0,402.75,3,1,1,0,0.0,1187.4667906580826,-1187.4667906580826,0.0
347b4919,601828,B77W,EZ-A781,DME,ASB,T5706,TUA,TUA706,16.183333333333334,19.397222222222222,49.760000000000005,51.635000000000005,35000.0,486.6666666666667,4,47,0,7,0.0,0.0,1210.8329434737493,-1210.8329434737493
347b49c3,C023C8,B789,C-FNOH,FRA,YYZ,AC843,ACA,ACA843,31.05,19.773809523809522,56.03,-5.57,37117.857142857145,440.0,4,3,2,13,0.0,0.0,0.0,0.0
347b4a9b,4D22AB,A20N,9H-NED,MLA,LHR,KM102,AMC,AMC102,46.18333333333333,20.15416666666667,46.010000000000005,5.225,33378.125,381.0,7,8,1,7,0.0,2497.231457924505,-2497.231457924505,0.0
347b4b5d,02A262,A320,TS-ITC,TUN,ORY,TU724,TAR,TAR724,45.06666666666667,19.65,44.22,6.775,34006.25,392.25,7,1,2,0,0.0,6232.152292835744,-1594.568563816424,0.0
347b4c33,ADFF0C,K35R,60-0335,MHZ,,,RCH,HOBO19,16.2,22.658333333333335,52.19,10.18,32566.666666666668,434.3333333333333,3,2,1,1,-1948.2624218100464,-1310.7537250931682,0.0,9825.974396129372
347b4e91,734844,A310,EP-RBD,IKA,IST,MRJ4806,MRJ,MRJ4806,31.166666666666668,20.976666666666667,39.51,35.41,35035.0,472.4,12,7,6,17,814.2059201020218,-814.2059201020218,5294.961894700775,-5294.961894700775
347b50e3,0C802E,A343,PZ-TCW,AMS,PBM,PY993,SLM,SLM993,46.166666666666664,19.9,48.81,-9.825,35250.0,470.875,15,2,2,27,0.0,266.3180050018235,-266.3180050018235,0.0
347b5435,4520FB,B734,LZ-GPA,PRN,DUS,IV822,GPX,GPX822,16.183333333333334,19.141666666666666,47.175,15.059999999999999,35833.333333333336,412.1666666666667,1,1,2,15,0.0,0.0,0.0,0.0
347b58ce,4BB165,B77W,TC-LKE,IST,BOM,6E18,IGO,IGO018,46.233333333333334,20.40416666666667,38.83,38.62,34906.25,483.125,24,4,1,56,0.0,0.0,368.3104023444915,-368.3104023444915
347b5996,096028,B38M,D4-CCJ,BGY,SID,VR631,TCV,TCV631,32.21666666666667,20.278787878787877,39.12,-1.18,34854.545454545456,399.1818181818182,0,4,4,10,0.0,0.0,0.0,251.72116147558856
347b59fc,407E4C,E55P,G-NHHG,AGP,SEN,,VCG,VCG2HG,46.2,20.908333333333335,43.879999999999995,-2.665,40209.375,411.625,0,1,1,8,953.3820639704512,-953.3820639704512,2212.8684917463515,-2212.8684917463515
347b5c97,485D61,E145,PH-DWA,KEF,LGG,AGR1943,AGR,AGR1943,46.233333333333334,20.152083333333334,58.24,-4.82,37012.5,486.25,1,14,3,24,0.0,0.0,0.0,0.0
347b5dbf,738286,A320,4X-ABI,GNB,TLV,6H146,ISR,ISR146,45.11666666666667,22.158333333333335,35.7,27.27,35025.0,447.25,5,1,5,0,-5855.109553474618,1397.1261337171356,-2517.075612298968,0.0
347b5ded,AA9808,B788,N782AV,MAD,BOG,AV11,AVA,AVA011,44.95,19.645833333333332,40.285,-11.735,37768.75,500.5,1,2,10,0,0.0,0.0,1482.147369573073,0.0
347b5e90,477FF2,C17,08-0002,RZE,,,BRK,BRK85,1.0333333333333334,19.523333333333333,55.72,17.09,36000.0,447.8,1,1,2,11,0.0,0.0,0.0,0.0
347b6004,06A1D2,GLF6,A7-CGN,DIA,LIN,QE985,QQE,QQE985,4.516666666666667,19.067857142857147,43.82,24.705,38194.642857142855,438.2857142857143,22,1,47,24,-2803.584203140797,-2338.4992721388144,-255.70725455773777,-397.66150866407304
347b6085,424502,B738,VQ-BHE,MUC,DYU,SZ122,SMR,SMR122,33.41666666666667,21.030000000000005,42.26,33.71,35000.0,463.46666666666664,2,2,2,15,0.0,330.496108539203,-330.496108539203,0.0
347b608c,867FAC,B77W,JA733J,CDG,HND,JL46,JAL,JAL46,18.433333333333334,21.65833333333334,41.33,33.19,31476.785714285714,498.7142857142857,0,2,4,25,-1370.3821505249496,-744.7232008571798,0.0,1579.412807481112
347b6225,39CE24,A359,F-HTRE,ORY,EWR,BF720,FWI,FBU72J,31.15,20.28095238095238,51.63,-10.03,37142.857142857145,378.7142857142857,11,2,1,7,0.0,0.0,0.0,0.0
347b6322,0101A7,A320,SU-BQK,NTE,LXR,NP7156,NIA,NIA7156,32.233333333333334,20.53030303030303,39.19,13.63,35002.27272727273,492.45454545454544,4,1,15,13,0.0,0.0,1818.027171095343,950.1745786169436
347b64cb,7807D6,A332,B-6538,LHR,PVG,MU534,CES,CES534,3.35,21.283333333333335,61.19,23.86,33461.53846153846,496.0,33,2,0,34,0.0,382.5097550981319,1246.4477582671611,-236.19116103636975
347b6548,4BB721,A321,TC-MYA,DWC,IST,MB704,MNB,MNB704,2.2666666666666666,22.054761904761904,39.15,36.27,35192.857142857145,425.57142857142856,1,0,55,14,-7001.775511815099,0.0,5968.403902063041,-5968.403902063041
347b6636,4B8392,DRON,TC-J1,,,,HVK,,46.083333333333336,17.408333333333335,38.260000000000005,26.41,17012.5,102.125,52,80,142,150,9934.11428563166,-9934.11428563166,1153.1192589698403,4771.405541584486
347b6710,150640,GL5T,RA-67136,IST,VKO,RSJ7136,RSJ,RSJ7136,31.2,21.533333333333335,49.65,43.88,40135.71428571428,458.85714285714283,51,9,28,24,-1958.9061003932338,484.4676887715567,67.74147414503966,880.6079043037303
347b69b1,780EF8,A333,B-8287,SVO,PEK,HU7986,CHH,CHH7986,45.11666666666667,19.904166666666665,56.18,47.135000000000005,36993.75,522.0,4,3,3,0,0.0,0.0,0.0,0.0
347b6b49,010237,A320,SU-NML,CGN,HRG,NE6304,NMA,NMA6304,47.31666666666667,22.158333333333335,42.855000000000004,22.715,36000.0,468.0,4,1,2,31,-181.4305277892081,-457.5613888364592,0.0,0.0
347b6bb9,E8021C,B763,CC-CXE,FRA,SID,UC1506,LCO,LCO1506,3.3833333333333333,22.28333333333334,43.62,-5.67,33126.92307692308,440.9230769230769,6,31,2,23,0.0,649.5730156038215,320.3613993499521,8156.99950589497
347b6ca7,4B990D,A320,TC-FHM,GZP,IKA,FH941,FHY,FHY941,16.166666666666664,19.897222222222222,36.825,41.51,36995.833333333336,507.5,1,6,0,11,0.0,0.0,0.0,0.0
347b6cce,151FDB,A320,RA-73691,AER,TJM,YC886,LLM,LLM886,45.11666666666667,20.154166666666665,44.025,48.769999999999996,35000.0,457.25,4,57,1,0,-323.31420342317926,0.0,0.0,0.0
347b6d21,4D2372,A332,9H-TQP,STN,ISB,,HFY,HFM640P,49.65,19.507500000000004,43.405,25.915,40752.5,479.0,27,2,15,33,0.0,62.9984709586869,326.3277151149026,2722.0890209020617
347b6e37,151E2E,B737,RA-73262,VKO,YKS,R3474,SYL,SYL474,45.15,19.645833333333332,57.599999999999994,46.465,35000.0,498.75,4,3,3,0,3480.895527654069,-3480.895527654069,0.0,0.0
347b6fac,501D1D,A319,9A-CTH,LHR,ZAG,OU491,CTN,CTN82W,45.11666666666667,20.408333333333335,48.76,10.205,35993.75,496.5,9,4,6,0,0.0,1242.9501936003242,-1242.9501936003242,0.0
347b701d,AAC33E,B788,N793AV,LHR,BOG,,AVA,AVA121D,45.03333333333333,20.658333333333335,47.91,-12.79,37999.0,464.25,4,0,0,0,0.0,302.85818781338577,344.71536507385457,0.0
347b7026,155C2F,SU95,RA-89135,MRV,CEE,D294,SSF,SSF94,17.233333333333334,20.401666666666664,50.120000000000005,43.935,36622.5,411.1,278,53,43,8,0.0,0.0,0.0,0.0
347b70e4,E494A2,E390,FAB2854,LPA,CIA,BRS505,BRS,BRS505,47.4,18.908333333333335,39.185,0.35500000000000004,30208.333333333332,416.3333333333333,13,7,11,82,1041.8227555654112,388.4809682146488,-1732.9892255125967,-260.4097537184005
347b7185,478DF2,E290,LN-WEB,BGO,TOS,WF628,WIF,WIF8T,45.166666666666664,19.904166666666665,64.95,10.985,41000.0,457.5,2,0,2,0,1288.8162436444293,-507.86814793852056,5100.307048310372,0.0
347b738e,346107,B738,EC-NAB,MAH,SVQ,LAV5524,LAV,LAV5524,45.13333333333333,19.9,38.02,-1.535,35000.0,393.75,1,12,34,0,-1007.6342756096906,0.0,0.0,0.0
347b73ae,507C8F,B763,UK67010,OSR,TAS,C67600,MFX,MFX7600,48.45,21.658333333333335,41.290000000000006,33.614999999999995,35812.5,454.875,1,7,21,37,0.0,0.0,0.0,2364.448416190464
347b73b1,45203C,B733,LZ-BVL,PRN,FMO,IV640,BVL,GPX640,31.2,20.02857142857143,46.82,14.82,35639.28571428572,425.2857142857143,21,1,5,2,-819.3917685906544,2163.507594782532,-2163.507594782532,0.0
347b7444,4068F0,E55P,G-JAGA,XRY,LBG,,LNX,LNX23JG,16.21666666666667,20.155555555555555,42.995000000000005,-2.48,37112.5,422.1666666666667,0,0,1,0,0.0,0.0,0.0,4300.690184073045
347b759e,4D2484,GL7T,9H-VONE,PRG,MLE,VJT755,VJT,VJT755,16.2,21.908333333333335,38.845,40.08,42633.333333333336,516.6666666666666,3,1,2,44,-569.7234859399792,-320.64720185032996,209.41943993362986,-166.38121068757152
347b784b,04C11C,B788,5Y-KZF,LHR,NBO,KQ101,KQA,KQA101,32.35,21.283333333333335,42.26,15.68,38993.181818181816,508.8181818181818,31,1,10,12,0.0,0.0,0.0,0.0
347b7abe,43F703,E55P,2-TIJL,ACH,FAB,,ORT,ORT05D,45.083333333333336,20.158333333333335,50.150000000000006,5.5,37768.75,387.25,16,5,2,0,-65.90595900305675,5064.1773804005,-6535.8955066870485,0.0
347b7b37,4520D0,A320,LZ-FBI,HRG,SOF,8H3004,LZB,BGH3004,1.1333333333333333,21.033333333333335,37.43,26.1,35600.0,436.6,0,1,1,0,1199.7788116304623,-1199.7788116304623,0.0,0.0
347b7b48,60183A,B77L,EZ-A778,LHR,ASB,T5428,TUA,TUA428,45.21666666666667,11.908333333333333,41.47,43.92,35000.0,492.25,0,17,3,0,-6844.581684303228,6370.263598754509,-7420.843466531674,0.0
347b7c94,781A4B,B77L,B-220F,AMS,PVG,CK206,CKK,CKK206,32.31666666666666,21.283333333333335,59.51,30.38,31545.454545454544,529.2727272727273,2,3,1,26,-325.1969951211671,189.48210622256116,5699.523980365921,-5148.026253312522
347b7ca2,504E72,A320,ER-00008,RMO,LIS,5F811,FIA,FIA811,19.5,20.575000000000003,43.695,6.630000000000001,33658.333333333336,380.1666666666667,2,2,2,241,484.6993367929361,-484.6993367929361,0.0,141.42773510103495
347b7d82,717CB8,A20N,HZ-FBA,IST,RUH,F3574,FAD,FAD574,46.21666666666667,21.31388888888889,39.025000000000006,36.5,37008.333333333336,450.3333333333333,11,1,0,54,0.0,0.0,0.0,0.0
347b7d89,3C4581,B77L,D-AALA,FRA,BOM,3S628,BOX,BOX628,18.416666666666664,20.694047619047627,40.4,36.870000000000005,33712.5,493.7142857142857,2,2,1,13,-1406.4139967300705,0.0,1185.1783860342794,220.98890777209454
347b7f02,717CCC,A20N,HZ-NS47,CZL,MED,XY666,KNE,KNE666,31.2,20.28095238095238,35.58,16.54,34603.57142857143,483.14285714285717,2,1,2,19,-470.5994309661543,0.0,204.07445689723568,580.516170243398
347b8006,49D526,C680,OK-OSK,FAO,NCE,BOH113,BOH,BOH113,16.2,20.658333333333335,39.32,-0.64,40320.833333333336,469.1666666666667,8,7,30,10,4723.131255563952,-4696.818275378013,231.5712789017507,-1367.2792348589142
347b8087,728648,BCS3,YI-ARH,AYT,BGW,IA210,IAW,IAW210,16.116666666666667,21.658333333333335,36.64,41.075,33012.5,451.5,1,83,26,0,1423.4797717885815,-1423.4797717885815,557.4068961547663,0.0
347b83b3,008BA5,GLEX,ZS-EKA,FAB,JNB,,OPM,OPM007,2.3166666666666664,22.033333333333335,41.88,2.18,39322.22222222222,498.55555555555554,0,7,1,42,372.8290306454864,149.98868431107843,475.2368927618636,2477.9521110912015
347b8419,151F16,B738,RA-73494,AER,SGC,UT512,UTA,UTA512,16.2,20.658333333333335,44.065,48.15,36337.5,453.6666666666667,12,2,8,47,-296.64731178358494,0.0,0.0,0.0
347b842c,3C79C1,A320,D-ANNA,LPA,BER,SR3499,SDR,SDR39CJ,3.4,19.09102564102564,43.5,1.11,31990.384615384617,471.61538461538464,13,0,5,2,1774.3737619796877,-1824.0439735812595,-197.5436582362981,9122.569957320426
347b8550,71BE23,B748,HL7623,FRA,ICN,KE530,KAL,KAL530,33.5,20.379487179487185,43.34,29.48,31000.0,503.0769230769231,5,5,2,17,-3279.177855088458,7135.521708071234,-4312.67607012009,-66.04321905692132
347b8631,346193,A319,EC-NCB,LPA,NTE,V72739,VOE,VOE2739,16.083333333333336,21.908333333333335,42.474999999999994,-5.140000000000001,33716.666666666664,422.5,9,6,3,4,1852.553257728975,-2765.121715129312,0.0,248.8347386136522
347b8729,4D2304,B38M,9H-VUF,MLA,TLS,FR3044,MAY,RYR46VD,31.15,21.033333333333335,40.69,8.28,35921.42857142857,384.85714285714283,1,1,2,19,0.0,4931.832759395366,-3666.735675018103,1287.1781511915324
347b877c,5084D1,B753,UR-SLE,HRG,KTW,QU9122,UTN,UTN9122,17.28333333333333,22.158333333333335,43.905,27.055,32092.5,418.5,16,7,8,27,-284.18491675903124,-622.3761108394799,961.2223381557312,-1160.3873653363617
347b88c0,738444,A21N,4X-AGK,ATH,TLV,IZ212,AIZ,AIZ212,45.166666666666664,20.408333333333335,35.519999999999996,28.71,34131.25,463.75,1,3,1,0,0.0,613.2898280752739,-613.2898280752739,0.0
347b8902,45C86A,A320,OY-RCJ,FAE,CPH,RC454,FLI,FLI454,1.15,20.783333333333335,58.8,5.51,35995.0,458.6,20,2,3,11,6439.373703861774,-6439.373703861774,0.0,189.7304994555384
347b8acb,151E37,A321,RA-73271,KZN,LED,N4248,NWS,NWS248,16.183333333333334,21.158333333333335,57.254999999999995,39.93000000000001,33941.666666666664,370.8333333333333,2,2,3,25,0.0,5209.39962909581,-4789.139940598108,-420.25968849770186
347b8bba,4CAC13,A21N,EI-KGD,LHR,SCO,KC664,KZR,KZR664,48.516666666666666,19.408333333333335,44.885000000000005,25.605,32745.3125,450.25,3,7,1,20,0.0,571.1853660539729,-571.1853660539729,1372.491544893658
347b8c38,4B820F,A400,15-0051,IGD,SAW,,HVK,ESEN12,45.18333333333333,20.904166666666665,39.635,39.56,31431.25,360.5,0,7,8,0,3051.8980224903767,-3051.8980224903767,3254.4507822390665,0.0
347b8c6f,010250,A321,SU-TCL,SSH,SVO,UJ611,LMU,LMU611,33.41666666666667,19.33333333333334,46.31,27.67,34398.333333333336,479.46666666666664,335,333,4,242,1180.2120204140774,-2981.1508459728243,314.18666913095734,10.303949241763348
347b8c7c,73502E,MD83,EP-TAN,IST,,I36602,TBZ,TBZ6602,31.183333333333334,20.595833333333335,40.105000000000004,33.565,32868.75,337.0,0,2,6,0,1345.841065148976,-16.010378010517798,-1087.6205069882576,0.0
347b8fdd,151E34,B737,RA-73268,,,6R9942,DRU,DRU9942,1.1166666666666667,21.533333333333335,54.91,46.04,38000.0,385.4,9,17,11,2,0.0,0.0,0.0,2328.751813141587
347b906e,46D0A3,A20N,SX-TEC,LCA,ATH,GQ603,SEH,SEH4TC,45.083333333333336,20.658333333333335,36.114999999999995,28.97,35387.5,423.75,1,4,1,0,-1565.9994694406737,0.0,0.0,0.0
347b90de,504E61,A319,ER-SKY,RMO,BGY,H4483,HYM,HYS483,46.18333333333333,21.158333333333335,47.09,18.155,34631.25,395.125,2,1,2,26,0.0,841.7475288366213,-841.7475288366213,4177.241544211645
347b91a2,4BBB21,A333,TC-NYA,AYT,IKA,4M4383,TAH,MGH4383,33.43333333333334,15.200000000000001,37.86,41.135000000000005,34770.833333333336,486.1666666666667,53,46,25,5,72.63224316293469,-440.53680807806126,912.9807065391796,204.1066734103821
347b91ab,738C0A,B763,4X-IAJ,OSL,TLV,5C602,CHG,ICL602,48.56666666666667,19.408333333333335,45.535,20.67,34129.6875,444.875,1,0,1,31,0.0,99.71121320012216,-99.71121320012216,205.35878980451736
347b9338,0100DE,B738,SU-GCP,LHR,CAI,MS531,MSX,MSR531,18.416666666666664,20.694047619047627,44.09,17.42,38351.78571428572,471.85714285714283,18,2,16,17,254.60380425511968,323.92471478874666,373.17614397878606,436.8207502532242
347b94fc,14232E,F900,RA-09006,KVK,,4G9624,GZP,GZP9624,16.083333333333336,20.894444444444446,61.465,36.91,31500.0,456.0,2,1,0,20,1741.8445455381398,-1499.634365387939,312.55470169489615,-554.7648818450969
347b9642,155C1D,SU95,RA-89117,AER,CEE,D2364,SSF,SSF364,46.36666666666667,22.658333333333335,53.905,42.075,31096.875,387.75,16,1,1,339,-1117.986950912519,6400.05763103968,-6400.05763103968,548.9565356715153
347b974d,4C01E7,A320,YU-APH,SVO,BEG,JU653,ASL,ASL653,46.233333333333334,21.908333333333335,52.19,22.53,34009.375,370.5,12,1,25,1,0.0,1807.1535516913805,747.2371643067481,-2554.3907159981286
347b98fc,70605E,B77W,9K-AOL,LHR,KWI,KU106,KAC,KAC106,1.25,14.183333333333334,40.93,34.47,35000.0,489.0,2,1,2,2,1343.1497458381903,-1611.514467478012,29.15807501438138,-363.6227977930133
347b9bac,70C0AC,A332,A4O-DF,FRA,MCT,WY116,OMA,OMA116,17.266666666666666,18.358333333333334,45.175,23.07,38402.5,476.5,3,3,2,4,349.6868545653281,-48.644076817222185,4025.345066663796,-4132.187580053053
347b9c36,71010F,B77W,HZ-AK37,LHR,RUH,SV118,SVA,SVA118,1.1333333333333333,23.033333333333335,39.09,21.25,36600.0,507.0,12,12,0,1,-4504.414644789205,10579.107972414546,-10802.20458192228,-784.4502246382187
347b9cbb,0101B4,A320,SU-BQM,BRE,HRG,NP6292,NIA,NIA6292,16.2,22.908333333333335,39.084999999999994,23.025,35000.0,475.1666666666667,0,1,1,1,809.6781266810983,-289.3628746611063,-709.966751494123,242.39281909817916
347b9dcd,4A1265,A320,YR-DSE,DUB,BCM,DN408,JOC,JOC408,32.31666666666666,22.283333333333335,50.74,14.31,30684.090909090908,460.45454545454544,6,1,3,16,1524.5106291987277,1813.8876317081142,-3811.839555356421,83.57397132180323
347b9df8,7816BD,A332,B-308P,BUD,TFU,3U9808,CSC,CSC9808,3.3833333333333333,22.28333333333334,42.51,34.75,34725.0,479.3076923076923,2,2,1,69,-6934.18090339998,3148.571718181862,-3148.571718181862,779.5018851623789
347b9ebf,5083DF,B738,UR-SQB,CDG,LXR,FT3302,SQP,FEG3302,17.25,22.158333333333335,41.209999999999994,16.51,34602.5,490.7,7,2,1,9,-2323.368175286993,0.0,0.0,0.0
347b9ed6,5100FA,E75L,EW-512PO,BXY,MSQ,B28748,BRU,BRU8748,2.283333333333333,22.377083333333335,54.225,37.99,33540.625,380.375,3,2,4,26,270.5464011194238,1985.6102406779544,3401.3066408028926,-5492.5332549040795
347b9f0b,780C5D,B77L,B-2093,MAD,HGH,CAO3138,CAO,CAO3138,18.316666666666666,19.22976190476191,51.6,12.015,32430.35714285714,530.5,13,7,8,36,0.0,360.4366072815105,1810.2506567572095,3359.738160449564
347b9fcd,E07246,A332,LV-GIF,MAD,EZE,AR1133,ARG,ARG1133,16.133333333333333,21.408333333333335,37.85,-10.7,31729.166666666668,478.6666666666667,7,1,1,3,3855.123002310752,-3997.758737459547,2164.538032186352,221.13547366721605
347ba062,781BF6,A359,B-324R,SVO,SZX,CZ8372,CSN,CSN8372,45.03333333333333,21.408333333333335,56.1,45.97,35000.0,544.0,30,1,2,0,-1138.8563917075437,0.0,2214.285070061549,0.0
347ba07e,4CAC36,B38M,EI-RZD,VRN,RMF,NO6500,NOS,NOS6500,1.1833333333333333,22.033333333333335,36.86,21.63,35005.0,490.0,2,1,1,3,0.0,0.0,3247.544596179034,-3247.544596179034
347ba106,71013C,A320,HZ-FAH,RUH,SOF,F38123,FAD,FAD8123,16.21666666666667,15.658333333333333,40.739999999999995,31.474999999999998,36908.333333333336,447.1666666666667,11,3,4,10,0.0,604.9905728608459,52.626947007111994,-657.6175198679579
347ba116,896442,B77L,A6-DDE,AMS,AUH,EY918,ETD,ETD918,47.35,18.908333333333335,43.525000000000006,27.47,32666.666666666668,486.3333333333333,2,2,2,8,253.9401112017836,-253.9401112017836,4263.746274568164,-3027.657847800053
347ba117,399264,A339,F-HETE,ORY,RUN,SS772,CRL,CRL772,31.266666666666666,16.676190476190477,42.83,11.57,32921.42857142857,520.4285714285714,30,18,2,0,8468.539509161552,-7744.859005246899,-723.6805039146528,0.0
347ba125,34654B,A321,EC-NLJ,ATH,BCN,VY8103,PVG,VLG1FB,17.25,21.908333333333335,40.614999999999995,13.265,31762.5,403.6,2,12,7,28,1261.748981769077,68.78763461072617,-1524.494628367015,0.0
347ba24d,4D2397,A320,9H-MSA,IST,MJI,BM503,MNS,MNS503,31.2,21.783333333333335,38.28,18.81,34596.42857142857,451.14285714285717,2,1,33,22,0.0,222.9538717485908,-222.9538717485908,3925.4967944995615
347ba451,3C6568,A333,D-AIKH,FRA,MLE,4Y154,OCN,OCN154G,2.3,17.950000000000003,41.56,32.62,36333.333333333336,465.8888888888889,2,1,18,17,-2793.4800593336045,247.91661461733332,-247.91661461733332,0.0
347ba7b6,151D4A,B763,RA-73034,VKO,CMB,ZF1611,AZV,AZV1611,16.28333333333333,15.658333333333333,52.629999999999995,48.045,31675.0,501.0,4,0,0,62,1321.2309661677225,4252.944563501743,-5283.028038852245,2428.099665967309
347ba9d5,4AB292,F50,SE-LTR,VXO,LLA,HP5035,APF,APF5035,16.066666666666666,21.908333333333335,62.26,18.884999999999998,22666.666666666668,264.6666666666667,10,13,0,2,16.90000349721862,-29.119259983089023,152.91517715042838,744.3183245092482
347baa0d,452153,A320,LZ-FSD,SOF,CPH,W64377,USW,WZZ6CV,31.183333333333334,21.783333333333335,50.32,18.91,32150.0,448.57142857142856,0,2,1,20,3156.039392671996,-2819.9865897827212,769.1333900450973,4343.639371329588
347bab07,45211E,A320,LZ-LAJ,FUE,STR,DI6453,MBU,MBU6453,16.183333333333334,15.658333333333333,45.16,4.359999999999999,30558.333333333332,453.8333333333333,8,5,2,21,929.044001807951,2743.572893005252,-3672.616894813203,142.28666217089926
347bab6d,4BB4E4,B738,TC-MGD,AYT,CGN,4M605,MGH,MGH605,3.3833333333333333,22.28333333333334,45.03,20.57,36313.46153846154,417.0769230769231,40,1,19,36,-380.7799001576511,945.5256494599802,1035.5965249859883,76.12516587871028
347bac03,45C86B,A20N,OY-RCK,MLA,CPH,RC7125,FLI,FLI7125,46.28333333333333,22.658333333333335,48.61,12.809999999999999,34975.0,442.625,0,0,349,0,-804.8972193750109,7465.925451235628,-7465.925451235628,841.3528504366126
347bac21,4B8472,B744,TC-ACR,CDG,DOH,QR8254,RUN,QTR8254,3.3166666666666664,19.09102564102564,44.64,23.27,34342.307692307695,502.53846153846155,2,10,4,6,4190.449906549311,-4775.964612612716,242.598630276496,914.8359614138127
347bac28,49328A,C68A,CS-LTJ,PMI,LBG,,NJE,NJE962R,1.1333333333333333,21.533333333333335,44.63,1.03,38695.0,406.4,1,1,1,325,-2466.1992914670745,735.1691193262141,4840.537152509574,-5733.836906172812
347bacaf,4B1942,A320,HB-JOS,PRN,BSL,GM611,GSW,GSW611,16.15,21.658333333333335,44.65,14.445,36062.5,392.1666666666667,1,2,1,17,-8121.399582221913,0.0,762.0107059450488,1182.101516633988
347bae3e,781140,B763,B-1423,LGG,YNT,O37564,CSS,CSS7564,32.483333333333334,18.66969696969697,59.71,31.38,33018.181818181816,504.54545454545456,2,3,3,24,3012.6369707488043,-3012.6369707488043,1967.9816101906245,570.5290032702637
347baf70,43C174,C17,ZZ174,BZZ,,RRR6652,RRR,RRR6652,17.25,22.408333333333335,48.985,16.009999999999998,32302.5,466.4,3,3,2,14,2960.832940778754,662.8582523591167,3993.3007365935855,-7281.147865243937
347bb0c1,7335B4,A343,EP-MMT,IST,IKA,W5115,IRM,IRM115,2.35,22.783333333333335,38.83,40.94,34766.666666666664,487.77777777777777,8,2,2,20,-8500.06503940432,-1042.8699642126755,991.5496699434613,-213.05287002910893
347bb1ea,5140B3,B738,4L-GTD,TBS,VKO,A9930,TGZ,TGZ930D,2.1166666666666667,22.283333333333335,48.87,44.68,34572.22222222222,418.44444444444446,321,61,45,30,0.0,0.0,3716.47637781759,-2766.7548240035476
347bb202,4A08E6,B737,YR-BGF,OTP,TLV,RO155,ROT,ROT155,16.166666666666664,21.908333333333335,38.815,29.92,38912.5,457.3333333333333,29,21,3,16,0.0,557.7091207789858,-557.7091207789858,0.0
347bb32a,505CE6,B738,OM-GTF,OTP,FCO,W43145,RLX,WMT7AG,1.0666666666666667,21.783333333333335,43.69,19.14,37010.0,411.0,7,1,2,11,-2370.5587552701973,0.0,0.0,0.0
347bb4fb,3CCD4B,LJ60,D-CFAX,TZX,BUD,IFA1065,IFA,IFA1065,2.2333333333333334,22.033333333333335,42.94,29.02,34216.666666666664,436.6666666666667,0,1,2,18,291.18512212785635,261.0824997500255,-185.07852987815966,-447.1585933473335
347bb5a7,46D1F9,C650,SX-TOY,BQH,ATH,LLK602,LLK,LLK602,32.36666666666667,22.533333333333335,44.74,14.27,36020.454545454544,442.27272727272725,5,15,3,22,-5987.265369929038,0.0,0.0,127.18909772174494
347bb5ba,155C60,SU95,RA-89184,IST,MRV,WZ4656,RWZ,RWZ4656,31.166666666666668,22.533333333333335,42.89,35.92,31021.428571428572,378.7142857142857,9,1,9,5,0.0,952.5642738644596,-952.5642738644596,9934.11428563166
347bb841,39B228,A332,F-HMRI,AMS,IST,TK6370,CMA,THY6370,46.266666666666666,22.908333333333335,45.75,20.9,36393.75,463.625,4,2,6,22,4426.710077117175,2547.13429415218,-7098.449447080516,-81.36030959630261
347bb959,730601,A343,EP-APA,IST,IKA,EP513,IRC,IRC513,2.2666666666666666,20.366666666666667,38.59,42.05,33691.666666666664,464.1111111111111,1,2,0,64,0.0,2781.990872503423,-1432.551849183551,-778.8286514556042
347bb984,507C5D,A320,UK32030,VKO,TAS,HH778,QNT,QNT778,1.1,21.78,53.14,46.4,35760.0,483.0,29,1,15,25,-294.96851865696783,295.1702278035198,-295.1702278035198,721.9189189699531
347bb9d7,503D6E,A332,LY-MAC,IST,TAS,HY274,UZB,UZB274,46.35,22.908333333333335,40.975,42.629999999999995,39000.0,493.125,3,1,4,2,-999.9956630279414,1774.4774163708255,-2297.623626892545,1236.7578105031223
347bbace,781F03,B77L,B-223G,STN,CAN,CSG2532,CSG,CSG2532,47.4,18.908333333333335,60.08,20.215,33333.333333333336,512.4166666666666,25,3,3,43,2203.4429197844734,-566.2682304235343,-1637.174689360939,834.607032664605
347bbad5,5082E6,B739,UR-PSI,FCO,RMO,5F298,WRC,FIA298,31.183333333333334,22.533333333333335,45.03,20.64,31064.285714285714,456.14285714285717,8,2,2,13,-6938.8328007212085,5744.248186779316,-6466.723439931327,1835.5976698245693
347bbb9f,731A28,A320,EP-FQH,EVN,IKA,QB2250,QSM,QSM2250,45.06666666666667,21.658333333333335,38.095,48.084999999999994,28643.75,457.5,11,1,29,0,-2957.946148343667,0.0,0.0,0.0
347bbc43,683329,B38M,UP-B3737,VKO,ALA,DV816,VSV,VSV816,45.0,21.904166666666665,52.925,46.945,36000.0,492.0,2,9,2,0,1426.442873463528,-2930.0877356252404,756.0152296350412,0.0
347bbcdf,4A29F9,A320,YR-JOY,IAS,DUB,H4243,HYM,HYS243,1.2,14.183333333333334,53.15,1.57,36080.0,400.6,2,2,5,2,0.0,0.0,0.0,7449.216500539927
347bbd92,4D2302,B38M,9H-VUD,AGP,NRN,FR8613,MAY,RYR7BM,46.28333333333333,22.908333333333335,46.575,0.30000000000000004,31121.875,422.375,10,9,1,9,0.0,739.62408191908,-13.82489588487465,-725.7991860342054
347bbdc6,3C0C0A,FA7X,D-ATON,WAW,CPR,H5956,VJT,VJH956,1.2166666666666668,14.183333333333334,67.38,-1.17,40003.2,465.6,4,11,4,4,-4747.404632617676,-308.91495019079287,3881.197191765391,-572.0854488594487
347bbf27,495267,A21N,CS-TSG,PDL,OPO,S4174,RZO,RZO174,1.1666666666666667,23.033333333333335,40.44,-12.64,27960.0,365.2,0,6,1,0,-756.8852033490895,0.0,3414.472529473159,-3320.6029821686825
347bbf5e,869560,B77W,JA795A,LHR,HND,NH212,ANA,ANA212,32.31666666666666,18.66969696969697,48.48,17.9,29354.545454545456,500.45454545454544,3,5,3,25,10218.214371661208,-10462.620907220537,6907.687910416786,-6695.693056243554
347bc04e,060030,A359,3B-NBQ,LGW,MRU,MK53,MAU,MAU53,32.38333333333333,18.66969696969697,43.67,13.99,34181.818181818184,525.1818181818181,43,3,21,16,1737.6854696786231,-1660.3728812860063,-321.93372290129616,0.0
347bc0ec,511065,CRJ9,ES-ACC,VNO,CPH,SK1743,NDA,SAS33A,44.733333333333334,21.90416666666667,55.76,20.28,35693.75,413.0,2,9,17,0,-176.04435353612712,839.0615989914696,3420.412832479871,0.0
347bc141,45AB50,B738,OY-JZP,PMI,BLL,JP526,JTD,JTD526,31.2,19.854761904761908,51.53,4.35,30185.714285714286,399.42857142857144,7,7,1,237,787.3574592594176,-787.3574592594176,2897.374984409452,2163.5713143075927
347bc373,4A04E2,A320,YR-AGB,HRG,OTP,A24105,AWG,AWG4105,46.266666666666666,17.408333333333335,39.68,25.65,30868.75,383.875,1,0,1,251,1449.5416852582125,-565.0455963018879,-527.7657520159078,7890.436086447716
347bc40b,49D357,A320,OK-HEU,CDG,PRG,OK767,CSA,CSA3CZ,45.1,21.908333333333335,49.87,8.575,31600.0,473.5,0,14,17,0,42.455081652272895,-375.7901334696245,223.24751370290997,0.0
347bc467,01023F,B738,SU-RSB,,,4S3113,RSX,RSX3113,46.233333333333334,17.408333333333335,40.099999999999994,24.585,36250.0,439.375,5,1,1,10,-1205.244453726472,0.0,0.0,0.0
347bc57c,39B117,A35K,F-HMIX,ORY,RUN,BF700,FBU,FBU70A,17.383333333333333,20.508333333333333,41.25,15.700000000000001,34267.5,544.3,9,18,2,12,-202.98928478773956,0.0,763.6858348039896,-763.6858348039896
347bc5ae,151E28,B738,RA-73256,,,Y73633,TYA,TYA3633,16.25,22.658333333333335,55.55,44.635,28991.666666666668,340.5,9,0,4,3,0.0,0.0,2596.284818908908,-1732.545759711668
347bc8dd,3C56A3,A321,D-AEUC,FRA,IST,LH8346,GEC,GEC8346,2.25,20.366666666666667,44.78,19.91,32491.666666666668,433.44444444444446,15,5,1,19,2968.084395526489,-3475.5022630085323,0.0,4775.91978934412
347bc95b,503E9A,A320,LY-WIZ,IST,GYD,J278,AHY,AHY078,16.316666666666666,19.408333333333335,41.235,44.13,28000.0,432.1666666666667,2,2,21,26,0.0,193.89262019642368,244.49561491406504,9031.436595550857
347bc960,347646,E295,EC-OEB,OVD,TFN,NT5233,IBB,IBB5233,16.15,22.408333333333335,38.63,-11.504999999999999,32887.5,467.0,13,1,1,1,0.0,872.9265143719831,-872.9265143719831,0.0
347bc9d0,738289,A320,4X-ABW,VRN,TLV,6H358,ISR,ISR358,16.183333333333334,15.658333333333333,41.93,18.425,32195.833333333332,475.1666666666667,10,2,4,3,0.0,1631.100335181243,-616.8263875739226,-1014.2739476073205
347bc9eb,345618,B738,EC-MUB,LXR,MAD,,LAV,LAV922P,16.21666666666667,15.658333333333333,37.735,17.79,40000.0,395.0,1,15,1,2,-944.8901796079531,2081.7449230222737,4382.276484567332,-3969.5454798537235
347bcb6d,4CA863,CRJ9,EI-FPI,VCE,CPH,SK2692,BCY,SAS2692,1.1166666666666667,22.533333333333335,50.58,11.29,30005.0,448.8,25,4,347,10,2903.714974142771,5323.784065007252,-8153.82730524293,3620.0997861061514
347bccc6,150655,CRJ2,RA-67157,VKO,UUA,RT302,UVT,UVT302,45.2,22.154166666666665,55.7,45.035,27706.25,508.0,29,0,4,0,0.0,3138.941011861119,5766.455297702403,0.0
347bcd02,781112,B789,B-7838,AMS,XMN,MF812,CXA,CXA812,17.316666666666666,18.358333333333334,57.605000000000004,21.770000000000003,32340.0,526.0,2,0,2,19,-4270.60474276925,-18.697401403393997,-2714.6963655776217,5360.490591946916
347bcd90,A5DC31,B744,N477MC,AMS,ORD,5Y8154,GTI,GTI8154,31.15,23.033333333333335,56.14,-5.94,30285.714285714286,412.7142857142857,3,4,3,11,5908.347584541638,-7765.811683835184,2440.482650408725,7530.790257867613
347bce03,738054,B739,4X-EHE,OTP,TLV,LY572,ELY,ELY572,46.166666666666664,22.81904761904762,38.26,30.19,29657.14285714286,401.14285714285717,44,21,2,69,487.9484449901433,-487.9484449901433,704.9949358759206,-704.9949358759206
347bd05b,600012,B735,EK-SHC,UFA,EVN,5G101,SHS,SHS101,46.266666666666666,17.408333333333335,45.14,50.47,34009.375,412.75,1,14,25,37,6119.911535844637,-5949.51321201248,1313.3992256233075,-1173.531359364082
347bd06b,45202E,A320,LZ-LAC,BSL,PRN,IV611,BUC,GPX2LM,16.166666666666664,22.408333333333335,44.28,14.745000000000001,30141.666666666668,465.5,9,1,2,56,-1802.598499138029,436.1397833129095,697.6542811317147,-938.0982737121591
347bd07e,4520FB,B734,LZ-GPA,DUS,PRN,IV823,GPX,GPX823,31.183333333333334,22.783333333333335,45.77,13.36,33125.0,449.85714285714283,5,17,4,54,-7336.696377745974,1900.4404603396854,-3247.6426502514723,6939.26055919943
347bd316,710D87,A333,HZ-NE23,CMN,MED,XY664,KNE,KNE664,16.166666666666664,15.658333333333333,36.11,11.045,39000.0,520.3333333333334,2,6,2,3,987.1376266565927,-627.642503992158,-777.0668924227264,442.944006409134
347bd330,781F74,A359,B-32EE,AMS,PKX,CZ346,CSN,CSN346,2.3166666666666664,17.950000000000003,59.06,18.47,36138.88888888889,519.3333333333334,7,3,4,45,-2706.6820211938984,-2039.6297144542496,0.0,454.7046207172157
347bd517,4D2357,A320,9H-GTS,BCN,OVD,VY1572,IAN,VLG1572,45.13333333333333,22.658333333333335,42.715,-1.69,25656.25,387.75,9,2,20,0,33.90141572326169,788.3889945862961,-970.6368429696167,0.0
347bd622,01023D,A320,SU-BUU,HRG,NUE,SM2966,MSC,MSC2966,1.2166666666666668,14.183333333333334,38.87,25.2,35205.0,427.2,0,1,0,1,1027.4461970887298,-1027.4461970887298,0.0,0.0
347bd62d,46B8A8,A20N,SX-NEH,CDG,ATH,A3615,AEE,AEE615,1.1833333333333333,14.183333333333334,41.1,20.03,27125.0,456.4,1,2,5,12,798.3294217754059,2216.9970738319735,884.985953575992,-3827.062298593217
347bd6b7,479301,E290,LN-WEC,MUC,BGO,,WIF,WIF3J,31.283333333333335,23.033333333333335,54.87,8.82,31967.85714285714,425.7142857142857,8,0,1,5,-980.915747053584,0.0,242.6419569883724,873.7722479495008
347bd74e,4BB463,A306,TC-MCC,IST,LEJ,MB9345,MNB,MNB9345,1.2166666666666668,14.183333333333334,49.28,16.89,26715.0,413.6,1,5,2,4,-7639.915230177042,8743.944048373707,-8743.944048373707,494.983273133521
347bd8d3,501C1C,A320,9A-BTK,HRG,LJU,C3176,TDR,TDR176,1.2,14.183333333333334,37.8,24.57,38030.0,426.4,1,1,0,1,385.4956419264489,1770.3557119957559,3346.681002608054,-4819.205649704924
347bd972,7C4923,A388,VH-OQD,LHR,SIN,QF2,QFA,QFA2,46.28333333333333,17.408333333333335,47.67,11.91,31675.0,511.0,3,16,12,8,1715.9494842806428,-1715.9494842806428,309.4039771637348,5317.044573053939
347bdb52,731A2D,A306,EP-FQM,IST,IKA,QB2214,QSM,QSM2214,46.25,17.408333333333335,39.045,39.730000000000004,34987.5,484.125,1,1,4,11,-1555.830933223519,389.4893249214533,-1919.2777940025871,0.0
347bdca9,018090,A319,5A-WLD,MJI,IST,YL100,LWA,LWA100,16.183333333333334,15.658333333333333,34.795,25.57,37212.5,447.1666666666667,16,3,1,272,-4.253938339071738,-454.64859289650025,249.7308217266309,810.6396264749849
347bdd07,02A193,A320,TS-IMT,TUN,JED,TU5529,TAR,TAR5529,45.1,23.158333333333335,35.31,19.58,34981.25,492.0,2,1,14,0,-1787.2192239426272,431.1794448855461,-1218.6196311138483,0.0
347bdd3d,4D21E6,B738,9H-SHO,PRG,TLV,BZ461,BBG,BBG461,2.3333333333333335,17.950000000000003,44.2,21.66,33152.77777777778,451.77777777777777,4,8,1,3,-520.2095878543302,1451.3175611475424,659.4109689379759,-2110.7285300855183
347bde41,140AB5,E190,RA-02741,LED,MQF,EO341,KAR,KAR341,31.233333333333334,19.854761904761908,59.48,40.52,32371.428571428572,471.42857142857144,2,4,0,33,424.25370039487296,1073.156757386755,488.1749212779571,-1075.0143397203226
347bdffb,600B21,B744,4K-SW888,IST,GYD,7L1406,AZG,AZG1406,45.05,11.908333333333333,41.825,40.28,35000.0,475.5,4,0,3,0,694.9289926110524,-511.27511470299703,-747.2938753056459,0.0
347be207,728646,BCS3,YI-ARF,GYD,BGW,IA422,IAW,IAW422,1.0333333333333334,14.183333333333334,40.14,46.11,30265.0,366.0,81,0,1,71,6272.210767082881,-6272.210767082881,2302.0465662623906,2982.7935342762844
347be21b,C03261,B763,C-FTCA,MAD,YYZ,AC7136,ACA,ACA7136,1.1833333333333333,23.283333333333335,40.85,-10.07,30905.0,473.6,3,2,1,1,2933.2705691915603,-2933.2705691915603,3148.012128080452,-1596.5387474572071
347be22b,151E6E,A321,RA-73326,LED,OMS,N4305,NWS,NWS305,1.1166666666666667,23.033333333333335,59.74,41.85,35000.0,512.8,5,0,0,0,-8183.062144036858,4027.4354020936094,-3966.3249533779153,-498.7977313823129
347be247,885177,B77W,HS-TKW,FRA,BKK,TG923,THA,THA923,31.216666666666665,16.676190476190477,46.82,18.68,31228.571428571428,504.14285714285717,20,11,0,5,-281.43931678683674,1140.7060281375395,233.6702230230287,-864.7365326600104
347be2e0,70C126,A21N,A4O-OXA,MUC,MCT,OV996,OMS,OMS996,31.2,16.676190476190477,45.67,23.06,32807.142857142855,466.42857142857144,3,14,1,10,-3282.9281879631235,-147.76020223313606,-444.4489858828426,866.8163456744651
347be336,4CAC28,CRJX,EI-HBC,LYS,MAD,IB3733,HBN,IBS3733,16.183333333333334,23.158333333333335,43.12,0.13,26620.833333333332,350.6666666666667,2,1,21,53,942.3479374669644,-942.3479374669644,0.0,169.34927095274296
347be813,501024,A320,ZA-MMK,IST,TIA,ZB1004,ABN,ABN1004,45.166666666666664,17.658333333333335,41.230000000000004,23.425,27993.75,411.5,18,4,46,0,1458.2061517725176,-1949.371894410016,187.87310597015147,0.0
347be872,150694,CRJ2,RA-67220,IST,VKO,RFE9006,PLG,RFE9006,31.15,16.676190476190477,40.83,35.33,33017.857142857145,408.14285714285717,10,10,2,14,-5212.464141074204,-1398.689599209748,-407.65069261216047,3607.904176446424
347be968,05E057,B38M,5T-CLJ,TUN,NKC,L6117,MAI,MAI117,16.266666666666666,23.158333333333335,36.405,4.6,31258.333333333332,391.6666666666667,14,1,8,70,6745.6366817181415,-6138.14796673447,5192.472918035253,-4047.3592485211366
347beab8,4B9C62,A321,TC-GCB,IST,,B5677,BBT,BBT677,16.233333333333334,15.658333333333333,39.69,20.634999999999998,30562.5,443.5,10,2,1,2,473.1376543469875,-473.1376543469875,6238.742926965658,-3871.353398618411
347bef8f,45203C,B733,LZ-BVL,FMO,PRN,IV641,BVL,GPX641,31.2,16.676190476190477,46.44,14.04,31664.285714285714,456.85714285714283,2,1,7,27,1006.9959371015879,292.4736449007164,-753.1960857530715,123.58713232771072
347bf12b,3007F1,E190,I-JEND,FRA,KTW,EN8762,DLA,DLA9EH,1.1666666666666667,18.733333333333334,50.06,15.41,22080.0,354.0,4,4,19,197,-3025.341068477238,-5714.715250042265,-2.1658623701854935,-138.994078808402
347bf2cc,800D6E,A20N,VT-IJA,TBS,DEL,6E1808,IGO,IGO1808,45.11666666666667,23.408333333333335,39.379999999999995,49.0,35093.75,466.0,1,7,4,0,-3222.6008626384464,-1501.030546787057,0.0,0.0
347bf36a,51112E,SB20,ES-NSE,KRS,DEB,OJ721,NYX,NYX721,16.183333333333334,15.658333333333333,54.5,13.48,30183.333333333332,336.1666666666667,11,1,10,7,-6901.1654589935215,-14.45395520255093,1214.1505351224143,-248.74463511337945
347bf398,06E010,A333,9XR-WP,LHR,KGL,WB711,RWD,RWD711,1.2,14.183333333333334,45.82,2.82,34585.0,504.2,19,1,22,20,-488.92880626479905,-555.671612389621,519.4504777389319,5091.1154408796365
347bf501,4D22AB,A20N,9H-NED,LHR,MLA,KM103,AMC,AMC103,1.2333333333333334,14.183333333333334,46.02,6.0,35005.0,503.8,9,3,0,19,6488.245143218518,-7408.344371710513,-255.53729777376225,5335.00445755932
347bf71a,4AC8E7,A320,SE-RGG,CPH,ARN,TT9627,BRX,BIX9627,45.13333333333333,23.408333333333335,58.175,16.575000000000003,21537.5,335.25,1,21,235,0,-1781.865628697635,5808.945635860032,-4894.864497319377,0.0
347bf91c,4B9E45,A21N,TC-GRE,KZN,AYT,2S1824,STW,STW1824,45.15,11.908333333333333,52.135,50.765,30675.0,455.0,0,7,0,0,6220.2049208381795,-5816.040781844288,91.53747322293304,0.0
347bfc2f,732443,A306,EP-IBC,IST,IKA,IR768,IRA,IRA768,16.21666666666667,15.658333333333333,40.504999999999995,34.32,32825.0,439.0,122,52,2,0,-39.38603203764103,-425.7153506878619,0.0,360.3650554018972
347bfc6b,440C5A,B748,OE-LFD,BRU,CTU,KF885,ABB,ABB885,45.15,11.908333333333333,49.415,10.870000000000001,28106.25,515.25,11,3,2,0,-347.35410925818115,5371.379656043099,-2613.690916300167,0.0
347bfdea,7810C6,A332,B-8776,LHR,CKG,GS7966,GCR,GCR7966,1.2,14.183333333333334,52.77,5.32,28295.0,451.0,19,11,1,3,6458.314062236066,-5632.726395216616,-201.57386861952773,-292.5445568713209
347bfe31,49D2D8,PC12,OK-MXM,NCE,PRG,,AAO,OKMXM,45.15,11.908333333333333,45.394999999999996,9.895,25337.5,301.0,0,17,1,0,-2879.005540787563,-3.180926761531964,-269.79562701491767,0.0
347c081f,4CC545,A21N,TF-PLA,ALC,KEF,OG605,FPY,FPY4D,45.15,11.908333333333333,40.135,-2.0949999999999998,24518.75,382.5,219,28,1,0,3703.328134849183,-3212.7748741489595,-606.7502386415835,0.0
