,id,icao_24bit,aircraft_code,registration,anomalous,origin_airport_iata,destination_airport_iata,flight_no,airline_icao,callsign,turn1,turn2,turn3,deltaD1,deltaD2,deltaD3,time,latitude,longitude,altitude,ground_speed
0,345119eb,7583EB,B77W,RP-C7778,0,MNL,BER,PR1,PAL,PAL001,4.0,18.0,18.0,-429.863787,-414.3128255,-415.934497,19.0,58.755,26.87,38000.0,459.0
1,3451d388,407D52,B744,G-UNET,0,MCT,LHR,HC311,HGO,HGO311,3.0,6.0,1.0,-443.4481375,-469.3598315,-478.2327305,19.2,48.01,15.77,34000.0,483.6
2,3451e76b,,GLF5,,0,,,,,GLF5,9.0,8.0,3.0,0.0,0.0,0.0,21.6,39.92,7.48,36000.0,429.6
3,3451fb8d,3E28B8,C303,D-IGPS,1,,,,,DIGPS,16.0,15.0,193.0,0.0,0.0,0.0,11.33333333,50.11,9.265,4370.833333,136.3333333
4,345212fb,C2B3EB,C17,177703,0,,,CFC3658,CFC,CFC3658,6.0,71.0,33.0,0.0,0.0,0.0,21.83333333,43.055,8.685,30166.66667,397.0
5,34522037,4AC8E7,A320,SE-RGG,0,FUE,ARN,,BRX,BIX213U,13.0,4.0,3.0,-405.6038009,-408.1002598,-401.4462933,19.0,54.245,8.935,38368.75,439.0
6,34522c2a,,GLF6,,0,,,,,GLF6,49.0,21.0,16.0,0.0,0.0,0.0,2.8,44.48,25.775,40752.5,430.8
7,34523b26,38E83B,A35K,F-WMIL,1,TLS,TLS,,AIB,AIB18IL,11.0,1.0,182.0,387.8108298,-36.01942382,10.7472835,19.2,47.53,-2.1,37975.0,469.4
8,34525956,4AC8E8,A320,SE-RGH,0,FUE,GOT,TT2521,BRX,BIX2521,12.0,3.0,6.0,-387.6862845,-368.1164194,-374.0304725,19.5,49.005,1.3,36008.33333,418.6666667
9,34525ee2,3A2E23,B77W,F-OLRD,0,CDG,RUN,UU974,REU,REU974,3.0,1.0,3.0,-462.532976,-440.4856048,-435.9606364,19.8,41.72,12.04,30995.0,498.8
10,34526699,500194,A306,T7-ASK,0,TLV,LGG,LY821,SMF,ELY821,0.0,1.0,35.0,-433.6811359,-432.2541213,-443.1490438,19.0,46.375,15.655,31493.75,471.25
11,34527026,781133,A332,B-8981,0,HGH,LIS,JD621,CBJ,CBJ621,13.0,15.0,21.0,-411.0504013,-411.3133159,-836.3573055,3.636363636,54.4,9.32,36938.63636,450.1818182
12,34527157,44B8B9,E545,OO-NEY,0,SID,BRU,,BNJ,OONEY,1.0,2.0,4.0,-428.5676044,-418.6255077,-418.8050861,20.16666667,42.07,-8.285,37300.0,428.3333333
13,34527392,503D17,H25B,LY-LTA,0,GVA,LCA,LTC601,LTC,LTC601,3.0,10.0,7.0,-396.9476316,-433.69207,-413.6878122,19.2,38.22,23.41,39175.0,445.6
14,34527b53,E8021A,B763,CC-CXD,0,FRA,SID,UC1501,LCO,LCO1501,8.0,1.0,3.0,-413.4533794,-422.8090633,-413.8566794,19.0,39.44,-8.96,33006.25,453.5
15,34527c82,150640,GL5T,RA-67136,1,ISL,VKO,RSJ7136,RSJ,RSJ7136,24.0,9.0,266.0,-170.0116263,-43.75492251,-84.23100851,20.4,44.21,38.54,36580.0,478.2
16,34527ec4,4BB164,B77W,TC-LKD,0,IST,DEL,6.00E+12,IGO,IGO012,4.0,17.0,4.0,-514.1707636,-504.8873375,-470.1589306,19.0,38.865,44.71,37000.0,535.25
17,34528670,49D283,B738,OK-TVY,0,FNC,PRG,QS1171,,TVS6P7,13.0,21.0,6.0,-408.730465,-398.594489,-399.6958339,19.5,44.555,3.16,35350.0,431.1666667
18,34528b79,738286,A320,4X-ABI,0,PRG,TLV,6H768,ISR,ISR768,12.0,7.0,13.0,-401.5409499,-407.7845388,-405.9451621,19.5,42.22,25.955,38991.66667,444.6666667
19,34529043,3A2E24,B77W,F-OLRE,0,RUN,CDG,UU975,REU,REU975,2.0,14.0,3.0,-414.7645406,-874.1164396,-425.6339915,2.833333333,44.77,10.695,27387.5,374.5
20,345296f4,,GLEX,,0,,,,,GLEX,19.0,10.0,2.0,0.0,0.0,0.0,20.0,40.8,41.0,39981.25,551.5
21,3452a08b,39A054,H25B,F-HICU,0,ROB,BOD,ARL127,ARL,ARL127,3.0,1.0,12.0,-388.8359199,-380.8886092,-366.0532899,22.5,38.925,-4.52,37943.75,414.75
22,3452a0f6,495275,B763,CS-TSU,0,LIS,PVG,,MMZ,MMZ609M,28.0,16.0,1.0,-344.4181659,-339.1371584,-351.2394544,20.7,40.895,22.755,35402.5,509.1
23,3452a170,,BE40,,0,,,,,BE40,2.0,32.0,27.0,0.0,0.0,0.0,19.0,40.485,24.89,40000.0,377.5
24,3452a591,3C79C1,A320,D-ANNA,0,BEY,BER,SR111,SDR,SDR11DL,3.0,1.0,4.0,-374.3558042,-366.3119467,-403.3393455,19.5,44.26,24.7,33175.0,442.6666667
25,3452a86b,738062,B738,4X-EKR,0,WAW,TLV,LY5102,,ELY5102,1.0,1.0,10.0,-390.0724437,-394.5681577,-403.3678955,19.2,41.57,26.81,37000.0,444.8
26,3452afc1,781140,B763,B-1423,0,LGG,YNT,O37564,CSS,CSS7564,15.0,5.0,9.0,-436.6697427,-438.8987337,-420.0108106,19.5,58.445,25.025,32691.66667,461.0
27,3452b5c5,,GLF6,,0,,,,,GLF6,3.0,8.0,2.0,0.0,0.0,0.0,19.0,38.165,21.19,45000.0,551.75
28,3452b8ed,48A2B3,C525,SP-IZU,0,BLQ,LBA,,BNI,BNI5U,37.0,14.0,1.0,-294.1460807,-260.858722,-284.1763089,19.2,48.5,4.7,35380.0,318.4
29,3452b96f,4D2122,GLEX,9H-NBB,0,DWC,MAD,,,EAU53B,2.0,2.0,8.0,-434.7283556,-385.2625306,-402.9849892,2.111111111,39.9,13.37,33536.11111,339.8888889
30,3452b9f7,45209C,A320,LZ-MDI,0,LIS,SOF,W64374,USW,WZZ8VL,18.0,9.0,6.0,-435.4912756,-457.9155489,-447.2048651,19.8,40.35,6.79,34190.0,482.4
31,3452bc4d,,F2TH,,0,,,,,F2TH,28.0,2.0,2.0,0.0,0.0,0.0,19.0,52.065,11.505,41062.5,452.75
32,3452bc6c,739443,C650,4X-CZA,0,CTA,AGP,,,4XCZA,3.0,23.0,40.0,-270.218988,-306.2086284,-347.601728,19.2,40.24,5.3,38370.0,397.2
33,3452c246,4D23AA,GALX,9H-777MF,0,MAD,MAN,,LWG,LWG10I,323.0,3.0,304.0,-363.4386137,-344.6183534,-340.9687962,19.5,47.675,-3.15,36712.5,407.25
34,3452c75a,346391,E295,EC-NFA,0,ZAZ,LPA,NT5449,IBB,IBB5449,13.0,41.0,2.0,-339.7046177,-410.5975486,-407.9932899,19.0,38.2,-7.74,32918.75,438.0
35,3452c775,4D21E6,B738,9H-SHO,0,PRG,TLV,BZ461,BBG,BBG461,6.0,2.0,12.0,-365.3636326,-361.1343529,-344.9031159,19.8,42.57,22.08,36050.0,430.2
36,3452ce3e,49D03D,C56X,OK-SLX,0,LCA,BEG,SUA611,SUA,SUA611,24.0,0.0,7.0,-325.084956,-352.3195134,-369.5269651,19.5,38.345,26.975,37931.25,381.0
37,3452d1c2,452101,B738,LZ-CXB,0,OPO,LEJ,,ADZ,BCS3YK,14.0,3.0,7.0,-401.955568,-377.534192,-773.5528588,20.75,47.505,-0.45,30187.5,391.75
38,3452d2ce,43C6FA,A332,ZZ337,0,TLL,BZZ,RRR2103,RRR,RRR2103,14.0,2.0,26.0,-329.1106801,-331.6551032,-826.0384995,21.0,54.0,14.57,28080.0,391.2
39,3452deb9,728839,B739,YI-BAY,0,IST,BGW,IF222,FBA,FBA222,6.0,9.0,77.0,-449.2810891,-343.142562,-413.5762683,20.0,38.37,39.94,33337.5,509.0
40,3452e1f9,501C11,A319,9A-BTJ,0,PRN,MMX,C32011,,TDR2011,30.0,1.0,1.0,-395.2210419,-418.5223926,-411.3691117,20.0,49.345,15.18,29987.5,430.25
41,3452e54e,424C03,GL5T,M-AMNM,0,ABJ,ATH,,,MAMNM,44.0,20.0,155.0,-487.7089073,-487.8960343,-284.6559037,11.5,35.795,18.705,30750.0,412.25
42,3452e6b0,7816A2,B789,B-20AJ,0,BUD,NGB,FM898,CSH,CSH898,61.0,305.0,17.0,18.51294924,-255.8720438,-443.6025735,21.0,57.35,20.67,34860.71429,486.1428571
43,3452e8ca,4.78E+29,E290,LN-WEA,0,TOS,BGO,WF629,WIF,WIF629,12.0,3.0,3.0,-362.0330509,-351.7852259,-339.523064,20.0,65.14,10.675,29625.0,363.25
44,3452ea7a,,GL5T,,0,,,,,GL5T,4.0,10.0,3.0,0.0,0.0,0.0,11.5,43.035,28.95,43487.5,515.0
45,3452f7ca,3E27AC,PA34,D-IGFK,0,NUE,,,,DIGFK,51.0,233.0,251.0,0.0,0.0,0.0,10.44444444,49.95,9.29,3777.777778,126.5555556
46,3452f911,781093,B789,B-1566,0,AMS,XMN,MF812,CXA,CXA812,1.0,13.0,4.0,-454.1315313,-895.1184101,-442.5088925,21.6,59.75,31.62,34595.0,482.6
47,34530020,4075C1,B789,G-CKWN,0,SID,LGW,BY305,NBT,TOM2EJ,1.0,2.0,3.0,-450.4401827,-437.3781645,-428.6344163,15.0,42.73,-8.645,35850.0,462.8333333
48,3453024b,400F63,A346,G-ECLN,0,CTU,BOH,SE601,URO,URO601,1.0,20.0,9.0,-334.2761896,-298.5547857,-268.2181834,5.3,43.475,27.53,37000.0,424.6
49,34530349,7000A2,A343,,0,LDE,DWC,RQ5501,,KMF5501,68.0,4.0,19.0,-400.8862421,-384.2745328,-828.6383192,21.0,41.59,12.29,38800.0,493.4
50,34530467,3A3280,B789,F-OMUA,0,LAX,CDG,TN8,THT,THT8,10.0,20.0,106.0,-469.8621454,-490.3759557,-331.9677685,5.0,52.945,-3.405,30231.25,447.5
51,3.45E+07,5110A5,SF34,ES-LSB,0,FRA,VAR,AEG421,,AEG421,9.0,2.0,2.0,-210.9610655,-197.3495036,-403.0016873,19.0,45.935,21.005,23437.5,230.5
52,34530ddf,,GLEX,,0,,,,,GLEX,21.0,7.0,6.0,0.0,0.0,0.0,3.8,46.11,-0.31,31405.0,385.8
53,345318ed,7802FE,B744,B-2423,0,LGG,KGF,O37418,CSS,CSS7418,13.0,53.0,2.0,-395.9834412,-911.0105718,-415.214764,21.83333333,55.935,29.515,32337.5,488.6666667
54,345321ff,400215,GLF5,VP-CMS,0,BUD,ADJ,,,VPCMS,3.0,10.0,22.0,-416.5538288,-891.5454384,-452.2412314,21.25,41.08,27.125,40443.75,479.75
55,345325a6,781783,B789,B-20D1,0,MXP,CGO,HO1668,DKH,DKH1668,1.0,11.0,25.0,-628.7725992,-434.9893973,-445.9049115,18.5,42.915,31.67,35658.33333,531.8333333
56,34532630,4CC481,B744,TF-AMU,0,NBO,LGG,CC2601,,ABD2601,18.0,3.0,3.0,-880.2984896,-443.8795736,-441.4446378,3.2,45.56,15.8,30530.0,451.8
57,3453266f,5110C8,SF34,ES-LSH,0,FKB,,AEG403,AEG,AEG403,5.0,4.0,1.0,0.0,0.0,0.0,22.0,55.015,12.12,16337.5,224.5
58,345326cd,503CB4,B738,LY-BBN,0,AGP,KTW,W61074,KLJ,WZZ83CS,0.0,1.0,4.0,-789.7116304,-403.288316,-408.5257159,22.2,45.11,9.87,35755.0,420.6
59,34532913,507C61,A320,UK32031,0,TAS,VKO,HH777,QNT,QNT777,14.0,5.0,21.0,-359.6666652,-343.4223419,-353.3528291,11.5,52.69,45.855,31068.75,379.5
60,34532dc2,06E010,A333,9XR-WP,0,LHR,KGL,WB711,RWD,RWD711,1.0,14.0,11.0,-937.9966248,-467.4322025,-423.3212222,22.0,40.745,5.345,29912.5,489.25
61,34532e1b,02A1A7,A320,TS-INH,0,JED,TUN,BJ4131,LBT,LBT4131,20.0,2.0,2.0,-361.846083,-328.7882884,-322.5016228,5.0,35.58,18.35,31815.0,362.2
62,345335eb,,FA7X,,0,,,,,FA7X,4.0,6.0,29.0,0.0,0.0,0.0,3.5,50.71,-2.345,38668.75,535.0
63,345336c6,,GLF5,,0,,,,,GLF5,11.0,4.0,53.0,0.0,0.0,0.0,4.5,48.715,-0.15,35887.5,447.25
64,3453398a,780A43,A332,B-LNW,0,IST,ALA,RH9484,HKC,HKC9484,6.0,17.0,70.0,-470.3794817,-452.805883,-386.3002182,22.5,41.94,43.665,37000.0,524.75
65,34534189,E49163,A332,PR-AIU,0,VCP,ORY,AD8700,AZU,AZU8700,15.0,13.0,14.0,-429.795068,-434.2472122,-426.6333652,7.5,43.045,-10.505,39998.0,473.5
66,3453432d,,GL7T,,0,,,,,GL7T,334.0,340.0,4.0,0.0,0.0,0.0,4.2,43.65,0.25,38200.0,433.4
67,34534340,4A9C4C,PA34,SE-GBL,1,JKG,,,,SEGBL,239.0,276.0,283.0,0.0,0.0,0.0,15.0,59.18,15.265,2791.666667,134.3333333
68,345343bd,750445,A333,9M-LFC,0,SAW,KUL,OD724,BTK,MXD0724,5.0,8.0,22.0,-460.3118901,-450.2070139,-578.2042486,22.5,38.67,44.59,37500.0,547.5
69,345344d2,70209F,B789,S2-AJY,0,DAC,IST,BG305,BBC,BBC305,5.0,20.0,3.0,-363.1489634,-357.3777184,-364.0587791,4.0,39.32,41.835,36800.0,400.8333333
70,345347ac,392D6C,FA8X,F-GLLM,0,NDJ,LBG,,DSO,DSO03LM,9.0,11.0,2.0,-403.6817235,-406.3940435,-393.9233624,1.0,40.425,5.835,44012.5,438.75
71,34534896,39C912,A35K,F-HSIS,0,FDF,ORY,TX517,FWI,FWI17F,18.0,2.0,5.0,-472.2315706,-467.3421269,-347.8190016,4.0,46.76,-5.115,30075.0,450.5
72,345348d5,780C5D,B77L,B-2093,0,HGH,CDG,CA3135,CAO,CAO3135,10.0,12.0,7.0,-438.872039,-433.2518373,-424.8869099,6.285714286,61.1,24.73,32000.0,478.8571429
73,34534cfc,801593,GL7T,VT-PRI,0,BOM,LTN,,,VTPRI,15.0,7.0,5.0,-398.649279,-386.490314,-688.7642243,3.4,43.295,29.54,42987.5,465.8
74,34534d64,770591,A333,4R-ALQ,0,LHR,CMB,UL504,ALK,ALK504,3.0,4.0,18.0,-433.541916,-397.1691056,-396.4265967,10.44444444,44.76,25.48,36555.55556,485.2222222
75,34534ec1,781095,A333,B-8679,0,LHR,TAO,JD432,CBJ,CBJ432,4.0,5.0,2.0,-408.9906229,-400.6490362,-433.8297697,11.5,58.345,25.09,36996.875,453.125
76,34534eee,3A2E21,B788,F-OLRB,0,CDG,DZA,UU976,REU,REU976,7.0,0.0,3.0,-469.596092,-461.0050199,-472.6062999,18.0,40.83,13.39,36330.0,528.6
77,34534f2c,151D73,B752,RA-73075,0,VKO,HRG,ZF907,AZV,AZV907,44.0,46.0,7.0,-217.1835956,-385.7942665,-247.6974675,10.0,41.4,40.86,34142.85714,425.0
78,34534fb8,4BB0B2,A310,TC-LER,0,IST,TUN,TK6459,KZU,THY6459,4.0,9.0,3.0,-340.9960801,-369.661491,-351.0530312,13.6,39.08,18.42,30990.0,369.6
79,3453505e,6.00E+28,A332,9XR-WX,0,KGL,LHR,WB710,RWD,RWD710,0.0,0.0,0.0,-391.1881665,-376.2804815,-371.1705953,4.5,43.705,5.02,36270.83333,394.1666667
80,345351d0,4D0290,LJ45,LX-RSQ,0,BQH,AGP,,LRQ,LRQ119J,0.0,30.0,7.0,-416.7295081,-401.5630823,-385.4905235,22.5,41.405,-0.195,34600.0,440.5
81,34535587,39B10B,A35K,F-HMIL,0,PTP,ORY,TX541,FWI,FWI41D,21.0,1.0,1.0,-474.9432299,-469.7645088,-445.1031885,4.0,46.4,-7.14,31263.5,484.0
82,3453575e,7814C4,A333,B-302E,0,LHR,SZX,ZH9068,CSZ,CSZ9068,3.0,5.0,5.0,-409.5398963,-409.4690734,-433.528817,11.5,57.805,22.71,35034.375,459.875
83,34536724,347555,A332,EC-OAP,0,VRA,WAW,PU942,PUE,PUE942,12.0,0.0,5.0,-509.4661467,-489.7844992,-459.9131671,5.5,51.925,0.71,39900.0,488.5
84,345367ab,700017,B735,YA-FGA,0,SVO,KBL,FG708,AFG,AFG708,53.0,1.0,3.0,-221.9648522,-314.0951893,-458.5958093,22.5,54.255,42.54,24750.0,350.5
85,34536970,347258,A320,EC-NTU,0,ORN,MRS,V72659,VOE,VOE2659,8.0,1.0,100.0,-381.1325605,-357.5425736,-218.181561,22.5,40.15,3.37,19075.0,275.5
86,34536c08,780630,B77L,B-2079,0,CDG,SZX,I98818,HLF,HLF8818,258.0,24.0,22.0,-5.074539778,-355.1866586,-421.2066885,10.44444444,56.0,17.2,26894.44444,409.1111111
87,34536f15,502D20,DA40,YL-PAD,0,VNT,,,,YLPAD,6.0,117.0,48.0,0.0,0.0,0.0,17.0,56.96,22.605,4918.75,96.5
88,34536ff9,,FA7X,,0,,,,,FA7X,2.0,0.0,7.0,0.0,0.0,0.0,7.142857143,44.04,17.54,37932.14286,437.7142857
89,34537075,AE2BFF,H60,166588,1,ROZ,,SN21,,SN21,237.0,259.0,121.0,0.0,0.0,0.0,13.6,36.68,-5.98,5800.0,111.2
90,345371f7,3CCE70,B350,D-CFME,1,ZRH,ZRH,,FCK,FCK1EL,170.0,14.0,1.0,-3.791802623,-6.975865661,-0.735775615,13.6,47.48,8.56,3765.0,174.8
91,34537706,49D03D,C56X,OK-SLX,0,BEG,LTN,SUA612,SUA,SUA612,11.0,23.0,4.0,-387.5010616,-391.7590447,-382.8283411,13.6,50.14,11.9,31895.0,411.2
92,34537892,3E3A1D,C510,D-INEZ,0,DEB,GRQ,,,DINEZ,8.0,7.0,3.0,-301.6139389,-336.3677273,-331.9605294,13.6,51.06,13.95,25610.0,267.4
93,34537a32,,GLF5,,0,,,,,GLF5,253.0,15.0,19.0,0.0,0.0,0.0,8.333333333,44.61,25.13,36450.0,451.6666667
94,3.45E+43,,GLF6,,0,,,,,GLF6,5.0,3.0,21.0,0.0,0.0,0.0,4.0,53.555,-4.15,40437.5,530.25
95,34538085,,GA6C,,0,,,,,GA6C,11.0,2.0,14.0,0.0,0.0,0.0,4.5,44.205,-7.07,36101.0,511.5
96,34538155,4C484C,C25M,YU-SCM,0,BEG,PMI,,,PNC4M,3.0,2.0,7.0,-317.5318053,-321.7287926,-324.663905,9.4,41.53,11.11,34495.0,327.4
97,34538316,49D283,B738,OK-TVY,0,PRG,TLV,QS1286,,TVS86L,26.0,1.0,10.0,-349.5419615,-380.3698614,-395.4990562,7.142857143,41.33,24.84,32210.71429,432.0
98,345383a2,,GLF6,,0,,,,,GLF6,10.0,10.0,3.0,0.0,0.0,0.0,6.0,41.095,4.585,45500.0,536.75
99,345387cc,4B9C61,A321,TC-GCA,0,IST,,B5111,BBT,BBT111,13.0,34.0,50.0,0.0,0.0,0.0,0.5,38.775,40.5,34012.5,517.25
100,345388d2,501C11,A319,9A-BTJ,0,MMX,PRN,C32012,,TDR2012,0.0,4.0,18.0,-363.73361,-370.0606738,-355.8596844,9.4,48.3,15.73,28605.0,395.4
101,34539139,346045,A332,EC-MYA,0,MAD,MVD,IB6011,,IBE6011,134.0,6.0,2.0,-112.6657274,-400.8202612,-391.6945969,9.4,38.05,-9.14,25800.0,347.8
102,345392b7,,GLF6,,0,,,,,GLF6,2.0,4.0,2.0,0.0,0.0,0.0,5.0,42.14,15.53,41395.83333,441.8333333
103,34539557,4D2475,B738,9H-KAR,0,BCN,TLV,BZ251,BBG,BBG251,8.0,4.0,5.0,-464.933686,-464.4514185,-476.8623089,4.5,38.42,19.07,36666.66667,499.8333333
104,3.45E+05,,GL5T,,0,,,,,GL5T,8.0,20.0,9.0,0.0,0.0,0.0,6.0,45.72,-4.77,43918.75,517.75
105,34539ed4,4A1A61,B744,YR-FSA,0,SHJ,MST,NJ3309,RCR,RCR3309,30.0,19.0,3.0,-719.565497,-357.8123466,-363.4387221,4.0,43.255,28.275,33750.0,449.625
106,3453a0e8,4BB0F2,A359,TC-LGR,0,IST,CGK,TK56,,THY056,165.0,9.0,6.0,-191.7657308,-504.533042,-501.1499289,5.0,39.81,36.73,26880.0,449.8
107,3453aaec,C2B5AD,C30J,130614,1,,,CFC2591,CFC,CFC2591,4.0,7.0,138.0,0.0,0.0,0.0,0.5,49.4,-3.8,19212.5,307.0
108,3453ad32,155C02,SU95,RA-89090,0,LED,NYM,YC878,LLM,LLM878,33.0,14.0,16.0,-337.7823819,-400.3522767,-387.9800928,0.5,61.035,40.405,28956.25,381.0
109,3453b03e,700001,A343,YA-KAA,0,MED,,RQ7181,KMF,KMF7181,1.0,42.0,18.0,0.0,0.0,0.0,5.0,35.545,5.925,40000.0,411.25
110,3453b11c,4CC54B,B744,TF-AKE,0,SHJ,LGG,CC4300,,ABD4300,21.0,18.0,5.0,-351.3390248,-366.9080636,-429.8191379,4.714285714,44.81,24.89,34003.57143,448.8571429
111,3453b29c,155BDA,SU95,RA-89050,0,VKO,,4G415,GZP,GZP415,0.0,10.0,5.0,0.0,0.0,0.0,0.5,59.65,43.295,30125.0,387.0
112,3453b3e6,4D2103,CRJ2,9H-JOY,0,LTN,ISL,,AXY,AXY905G,96.0,0.0,4.0,-383.242906,-418.5746512,-390.7430248,1.428571429,47.21,14.51,23078.57143,325.1428571
113,3453b485,495CD0,A333,CS-WFP,0,MAD,BLR,3P9715,WFL,WPT9715,230.0,1.0,17.0,-326.1162721,-473.481724,-465.1039604,0.8,40.49,5.88,28540.0,416.8
114,3453b5f5,4CC55E,B744,TF-AMK,0,RUH,FRA,SV925,,SVA925,1.0,14.0,3.0,-414.2155657,-429.3052518,-448.606855,4.5,44.285,19.425,31341.66667,431.6666667
115,3453b66e,151FDC,A320,RA-73692,0,DME,SLY,YC32,LLM,LLM32,2.0,18.0,6.0,-356.1947174,-387.5669426,-385.8492214,1.0,59.95,43.99,29137.5,397.25
116,3453b8c6,A6E3E6,MD11,N543JN,0,NSY,ROZ,KD187,WGN,CMB187,2.0,32.0,3.0,-366.0951784,-373.0328362,-409.3296125,1.0,38.675,5.81,34743.75,431.25
117,3453b94d,A451CB,B763,N378CX,0,MIA,,M6475,AJT,AJT475,37.0,21.0,2.0,0.0,0.0,0.0,8.75,53.25,4.275,37000.0,467.25
118,3453c176,452086,A320,LZ-BHL,0,SOF,NIM,8H7001,UBD,BGH7001,63.0,21.0,1.0,-310.8616304,-350.2041209,-339.0761409,1.0,39.95,18.51,28400.0,338.0
119,3453c1f0,E48F63,E35L,PP-LEG,0,YHZ,GVA,,,PPLEG,5.0,4.0,53.0,-440.7166433,-413.1276726,-379.4667249,5.0,51.865,-2.765,37506.25,509.5
120,3453c319,18087,A319,5A-WLB,1,IST,MJI,YL101,LWA,LWA101,16.0,91.0,19.0,-36.53182463,-109.0369287,-356.5912467,1.0,36.455,29.125,27675.0,362.25
121,3453ca0a,424502,B738,VQ-BHE,0,DYU,IST,SZ103,SMR,SMR103,1.0,3.0,4.0,-344.5275126,-325.5400411,-322.7396345,4.5,40.05,41.61,36000.0,371.0
122,3453cacd,,GLEX,,0,,,,,GLEX,4.0,11.0,9.0,0.0,0.0,0.0,7.5,40.67,-8.055,43842.75,492.0
123,3453cc14,80165C,B38M,VT-BXN,0,KEF,KWI,IX4,,AXB004,22.0,8.0,25.0,-361.8498962,-705.911234,-418.1245825,4.5,47.25,18.38,40000.0,468.75
124,3453d332,68332C,B39M,UP-B3740,0,ALA,SVO,DV809,VSV,VSV809,4.0,8.0,279.0,-364.7271277,-346.0235518,-231.9609254,4.5,53.58,42.385,28256.25,368.0
125,3453d5ae,,FA7X,,0,,,,,FA7X,6.0,15.0,8.0,0.0,0.0,0.0,7.0,53.16,-4.84,43000.0,487.25
126,3453d6e4,4D24A9,B744,9H-AKJ,0,JED,MXP,SV3045,,SVA3045,2.0,3.0,7.0,-397.2931819,-409.2174121,-430.7815348,4.8,39.96,18.1,35035.0,434.4
127,3453dae4,,GLF6,,0,,,,,GLF6,5.0,7.0,5.0,0.0,0.0,0.0,6.5,49.53,-4.475,41037.5,522.5
128,3453dbc3,0100A2,A332,SU-GCE,0,CAI,BRU,MS520,MSX,MSR520,1.0,13.0,17.0,-799.0287682,-409.2720733,-417.5727228,3.5,46.265,17.995,36520.83333,433.6666667
129,3453dcd6,4A9C4C,PA34,SE-GBL,1,NYO,,,,SEGBL,64.0,131.0,103.0,0.0,0.0,0.0,2.25,59.145,15.135,3375.0,138.25
130,3.45E+69,4BB164,B77W,TC-LKD,0,DEL,IST,6.00E+11,IGO,IGO011,11.0,14.0,3.0,-348.8900995,-347.1264679,-363.8911901,6.5,39.3,41.96,33666.66667,394.3333333
131,3.45E+86,32000E,A139,MM81815,1,,,,,POLI109,180.0,6.0,34.0,0.0,0.0,0.0,2.25,37.525,13.78,2943.75,66.5
132,3.45E+164,,A124,,0,,,,,A124,24.0,1.0,2.0,0.0,0.0,0.0,2.833333333,37.7,22.835,28520.83333,455.8333333
133,3453e7cf,4BB165,B77W,TC-LKE,0,BOM,IST,6.00E+17,IGO,IGO017,4.0,6.0,14.0,-351.0582584,-351.0813675,-360.8003997,6.5,39.1,42.825,33333.33333,397.8333333
134,3453ec91,,A124,,0,,,,,A124,18.0,8.0,3.0,0.0,0.0,0.0,3.5,37.365,24.21,26995.83333,403.6666667
135,3453f514,0701A1,A339,6V-ANB,0,DSS,JED,HC409,SZN,SZN409,22.0,4.0,24.0,-382.4430063,-464.5894668,-435.6114454,6.0,34.745,15.005,38993.75,526.75
136,3453f5c8,407C5E,A333,G-EODS,0,TAS,STN,ZT288,,AWC288,14.0,19.0,17.0,-338.3961859,-278.833877,-285.5771366,6.222222222,42.06,33.13,34222.22222,430.7777778
137,3453f75b,4C484C,C25M,YU-SCM,0,PMI,BEG,,,PNC4M,175.0,2.0,6.0,-644.4994216,-374.6101664,-373.2725189,3.0,42.075,12.1,27356.25,345.0
138,3453f875,452130,B738,LZ-CGD,0,CGN,CLJ,CGF1808,CGF,CGF1808,30.0,4.0,4.0,-346.6229723,-378.6707393,-381.8414766,4.0,49.42,14.305,26256.25,349.75
139,3453f965,AE6828,P8,,1,,,,,,51.0,40.0,251.0,0.0,0.0,0.0,3.0,42.025,24.42,22218.75,398.0
140,3453fb5e,01025F,B738,SU-RSA,0,SSH,NQZ,4S5213,RSX,RSX5213,25.0,36.0,28.0,-351.0851409,-465.6397855,-422.5549204,3.8,40.63,39.54,35400.0,489.8
141,3453fd62,4D24FE,A332,9H-HFJ,0,DSS,CDG,HC403,HFY,SZN403,2.0,20.0,31.0,-425.3061275,-402.1811701,-392.305506,6.0,41.28,-4.925,38000.0,452.0
142,3453fff9,7609A8,B772,AP-BMH,0,ISB,IST,PK705,PIA,PIA705,16.0,8.0,3.0,-367.9013165,-344.9952813,-348.3332743,6.2,40.2,41.98,38000.0,398.2
143,3454001e,778822,A320,YK-BAB,0,SHJ,BEN,SAW351,SAW,SAW351,4.0,2.0,70.0,-373.2256623,-316.8014837,-310.524639,3.5,34.87,26.43,33500.0,413.25
144,34540098,4D238A,E550,9H-KFX,0,DOH,SIR,,LXJ,FJO65K,2.0,7.0,8.0,-367.4254586,-384.8719192,-803.9303069,8.4,38.61,21.03,43350.0,421.0
145,3454016a,507C96,B763,UK67015,0,TAS,MAD,C67609,MFX,MFX7609,7.0,6.0,1.0,-340.6130622,-325.8526816,-332.3861587,7.083333333,40.7,28.305,32708.33333,399.9166667
146,34540681,1.51E+26,B738,RA-73252,0,NSK,DME,Y7106,TYA,TYA106,6.0,1.0,75.0,-429.5304884,-400.9479833,-347.5061586,5.0,59.565,43.035,31162.5,423.25
147,3454089c,0100F6,B738,SU-BPZ,0,EVN,,AMV2113,AMV,AMV2113,17.0,32.0,23.0,0.0,0.0,0.0,3.5,38.2,36.22,38500.0,333.0
148,345408ab,71C517,B789,HL8517,0,ICN,BCN,YP5245,APZ,APZ5245,49.0,6.0,10.0,-271.4672793,-356.9578069,-331.7679029,13.5,41.27,32.27,39590.0,414.9
149,34540990,3462C8,A332,EC-NEN,0,SCL,BCN,IB2606,,IBE2606,22.0,3.0,32.0,-436.2869007,-426.923404,-415.2431203,14.0,37.41,-6.55,39500.0,472.75
150,34540a91,154C83,T154,RA-85123,0,,,RFF7321,RFF,RFF7321,31.0,16.0,3.0,0.0,0.0,0.0,4.0,44.775,47.87,35268.75,525.0
151,34540b57,347459,A332,EC-NZJ,0,MAD,RMS,,PVG,PVG685P,1.0,22.0,79.0,-359.0228303,-346.0346235,-300.9567273,4.0,47.515,1.615,28918.75,369.25
152,34540c3e,505CF5,B738,OM-EDI,0,LEJ,VNO,ED5960,AXE,AXE5960,22.0,4.0,129.0,-233.6299698,-389.0421968,-304.826205,4.5,53.12,17.865,19406.25,252.75
153,34541167,780C5C,B77L,B-2092,0,PVG,MXP,CAO3117,CAO,CAO3117,10.0,2.0,10.0,-421.0476378,-405.9622575,-400.8248525,12.71428571,58.53,24.15,34146.42857,474.0
154,345411d2,4A2AAC,A320,YR-JUL,0,CRA,,,JOC,JOC90T,12.0,13.0,1.0,0.0,0.0,0.0,4.0,38.61,28.91,36993.75,436.25
155,3454143d,4CA1B2,B738,EI-DAC,0,FCO,,,,,81.0,12.0,28.0,0.0,0.0,0.0,4.75,41.245,7.75,18231.25,255.25
156,34541464,5110C8,SF34,ES-LSH,0,EBJ,FKB,AEG403,AEG,AEG403,94.0,0.0,9.0,-154.2323322,-201.2770151,-206.303483,3.8,52.28,8.81,12600.0,139.8
157,345417ae,,F2TH,,0,,,,,F2TH,3.0,40.0,5.0,0.0,0.0,0.0,6.833333333,39.885,33.91,42000.0,396.5
158,345419d7,32000F,A139,MM81817,1,BRI,,,,POLI110,32.0,199.0,16.0,0.0,0.0,0.0,4.0,40.645,17.72,1262.5,89.5
159,3.45E+06,151FD6,A330,RA-73686,0,VKO,AER,F7301,RSY,RSY301,38.0,5.0,44.0,-239.770045,-325.452362,-50.18673942,4.5,46.195,43.835,34600.0,457.3333333
160,34541c6e,155BDE,SU95,RA-89054,0,VKO,,4G251,GZP,GZP251,3.0,10.0,5.0,0.0,0.0,0.0,4.0,59.875,43.78,30737.5,389.5
161,34541d15,3C78E2,CL60,D-ANGB,0,RUH,CGN,,MHV,MHV64B,2.0,5.0,8.0,-382.0687496,-408.1153116,-842.9441711,8.0,39.835,20.865,37512.5,432.25
162,34542166,,E35L,,0,,,,,E35L,18.0,16.0,268.0,0.0,0.0,0.0,5.833333333,44.445,44.3,32833.33333,379.3333333
163,3454265d,4CAC66,B738,EI-AZE,0,MXP,KTW,ABR231,,ABR231,293.0,3.0,5.0,-181.2891882,-402.295595,-336.467315,4.5,47.235,13.315,21643.75,287.0
164,3454266a,155C1D,SU95,RA-89117,0,LED,UCT,D2323,SSF,SSF323,226.0,14.0,7.0,-327.7302762,-392.144665,-377.86454,4.5,61.11,39.55,27193.75,351.0
165,345426c4,4CAC65,B738,EI-AZD,0,BCN,LGG,ABR2201,,ABR2201,353.0,0.0,133.0,-295.2431052,-275.01478,-277.2657553,5.0,47.715,1.775,30631.25,329.25
166,34542882,49D283,B738,OK-TVY,0,TLV,PRG,QS1287,,TVS87M,0.0,14.0,2.0,-372.4993025,-376.9024242,-403.6578044,5.5,43.155,26.155,35195.83333,432.8333333
167,34542bd2,4B012E,AT72,HB-ALQ,0,DUB,MST,XM359,IMX,IMX359,40.0,9.0,1.0,-232.3291191,-250.3521627,-265.2193903,4.5,52.18,-1.065,17962.5,269.0
168,34542bea,151D44,A21N,RA-73028,0,DME,SBT,0.00E+00,NWC,NWC9051,55.0,42.0,7.0,-71.27514074,-326.6350611,-377.7619046,4.8,58.55,41.04,23540.0,296.6
169,3454373c,452122,BCS3,LZ-LON,0,SOF,CDG,FB431,LZB,LZB431,111.0,3.0,5.0,-135.6508827,-397.7120284,-397.2655592,6.0,44.45,17.18,28025.0,341.6
170,3454389e,507C5D,A320,UK32030,0,SKD,IST,HH571,QNT,QNT571,2.0,6.0,2.0,-344.9317557,-321.8505774,-300.1439224,7.2,41.52,44.89,35630.0,348.0
171,34543ace,505CEA,B738,OM-GTJ,0,OTP,BCN,W43175,RLX,WMT91FA,6.0,3.0,4.0,-395.1850535,-405.5922106,-391.8553054,5.8,44.41,15.47,32005.0,427.4
172,34543af0,,GL7T,,0,,,,,GL7T,26.0,41.0,1.0,0.0,0.0,0.0,6.714285714,48.47,11.34,35692.85714,439.2857143
173,34543b19,7812BE,B789,B-1356,0,XMN,AMS,MF811,CXA,CXA811,8.0,11.0,0.0,-446.0281717,-419.0165076,-430.3185424,14.2,60.08,31.62,35990.0,475.2
174,34543b28,4643C5,PC12,OH-ZRH,0,BCN,LEJ,,FSF,FSF100A,24.0,5.0,9.0,-191.9671008,-192.3336701,-215.5476529,6.2,43.96,7.91,24800.0,252.2
175,34543bf3,683297,B738,UP-B3731,0,NQZ,LED,DV821,VSV,VSV821,1.0,15.0,48.0,-369.1234828,-332.4974323,-284.9696652,7.0,55.915,43.405,36000.0,413.25
176,34543cc2,730601,A343,EP-APA,0,IKA,IST,EP510,IRC,IRC510,2.0,21.0,2.0,-344.1041911,-344.9961676,-712.2470487,6.0,39.09,43.02,33845.0,389.8
177,34543ccc,AE6828,P8,,1,,,,,,127.0,1.0,0.0,0.0,0.0,0.0,8.285714286,44.79,29.26,27857.14286,385.5714286
178,34543d28,,GL7T,,0,,,,,GL7T,4.0,11.0,2.0,0.0,0.0,0.0,7.0,41.45,19.495,44006.25,528.25
179,3.45E+07,452121,BCS3,LZ-PAR,0,SOF,AMS,FB461,LZB,LZB461,5.0,19.0,5.0,-413.5315257,-398.9054812,-399.7115106,6.0,47.52,17.24,34706.25,435.75
180,34544642,507C8E,B763,UK67009,0,OSR,TAS,C67676,MFX,MFX7676,18.0,25.0,17.0,-102.0217656,-247.1387244,-342.7853051,7.285714286,41.15,30.02,34896.42857,475.1428571
181,345447a2,4D21E6,B738,9H-SHO,0,TLV,BCN,BZ252,BBG,BBG252,5.0,2.0,12.0,-370.4402236,-348.3383399,-341.841211,7.0,36.55,21.09,36333.33333,395.1666667
182,345447c0,150648,CRJ2,RA-67144,0,,,,RLU,,4.0,0.0,3.0,0.0,0.0,0.0,6.0,61.075,50.77,32056.25,337.5
183,3454491e,45C86B,A20N,OY-RCK,0,BLL,XRY,RC7200,FLI,FLI7200,6.0,9.0,7.0,-402.6031952,-430.6723016,-432.8792665,6.5,47.245,1.465,35029.16667,442.1666667
184,3454491f,45209C,A320,LZ-MDI,0,SOF,BSL,W64323,USW,WZZ117,27.0,4.0,25.0,-403.9899548,-413.2075336,-393.4034603,6.0,45.12,16.4,25362.5,403.75
185,34544984,151D73,B752,RA-73075,0,HRG,VKO,ZF908,AZV,AZV908,315.0,17.0,13.0,-317.11167,-317.6936945,-125.8531372,8.125,42.775,40.725,35543.75,452.25
186,34544b16,467891,PC12,PI-02,0,JYV,,FNF166,FNF,FNF166,0.0,1.0,331.0,0.0,0.0,0.0,6.0,66.02,25.82,22287.5,245.0
187,34544b3f,501DC4,DH8D,9A-CQC,0,ZAG,BRU,OU456,CTN,CTN456,5.0,25.0,15.0,-178.6283094,-263.7996257,-274.5951585,6.0,48.115,13.455,18000.0,223.75
188,34544bcd,728644,A320,YI-ARD,0,NJF,IST,IA219,IAW,IAW219,47.0,6.0,1.0,-302.2749873,-352.791212,-355.5241772,6.5,38.59,39.16,35975.0,381.5
189,3.45E+08,44B4A4,LJ45,OO-MED,0,LGG,PFO,,,OOMED,163.0,7.0,2.0,-399.0930046,-430.771409,-427.8907263,6.714285714,44.75,19.78,37207.14286,430.2857143
190,3.45E+35,45AA50,A320,OY-JRP,0,SHJ,IST,G9321,DTR,ABY321,2.0,42.0,3.0,-302.1592211,-287.7392481,-684.350714,8.4,39.02,43.61,35385.0,371.6
191,34544f4d,,GLF6,,0,,,,,GLF6,1.0,11.0,3.0,0.0,0.0,0.0,7.0,44.85,16.285,40304.16667,528.5
192,34544f7b,4CC579,B738,TF-BBY,0,BLL,KEF,BO6810,BBD,BBD6810,5.0,21.0,9.0,-401.4053134,-411.6280988,-408.7705593,6.5,61.09,-1.425,38000.0,445.0
193,34544fd4,4D02E0,PC24,LX-PCG,0,PSA,LCY,,JFA,JFA86D,10.0,14.0,50.0,-322.805985,-308.3539121,-270.5131947,7.0,47.535,6.42,35225.0,355.25
194,3454501d,008BA5,GLEX,ZS-EKA,0,JNB,FAB,,OPM,OPM007,2.0,9.0,21.0,-412.3601188,-802.4093429,-389.1338404,15.75,42.905,5.11,41575.0,437.0
195,3454505c,,CL60,,0,,,,,CL60,27.0,8.0,14.0,0.0,0.0,0.0,9.0,44.48,25.86,37555.55556,421.3333333
196,3454549e,4400B0,C55B,OE-GLL,0,LNZ,BIO,JFL167,JFL,JFL167,1.0,22.0,2.0,-330.0838661,-342.7084287,-350.4080764,6.5,46.665,6.97,35243.75,359.5
197,34545542,452087,A320,LZ-BHM,0,EBL,DUS,UD437,BGH,UBD437,293.0,15.0,5.0,-350.4756905,-364.9893071,-361.9768525,7.625,41.55,30.51,31121.875,419.125
198,34545591,3008D2,GLEX,I-WLFZ,0,LIN,EWR,SIO231,SIO,SIO231,3.0,20.0,0.0,-355.2284146,-398.7441008,-393.2306524,7.2,52.04,-2.46,42400.0,446.6
199,345455a4,3461CE,A319,EC-NDG,0,TLS,XFW,V77346,VOE,VOE7346,330.0,39.0,20.0,-275.4879018,-339.8919458,-367.4664769,6.5,47.905,2.58,30500.0,360.25
200,345456a1,14FC09,T204,RA-64521,1,VKO,,RSD987,RSD,RSD987,10.0,17.0,234.0,0.0,0.0,0.0,8.25,55.69,44.775,30800.0,420.0
201,3454586a,4BB961,GLF4,TC-NKA,0,SAW,FAB,,EAJ,EAJ01,6.0,11.0,2.0,-405.0376564,-407.8028653,-401.5807024,7.5,46.365,19.5,43000.0,439.75
202,345458d7,06A1D0,GLF6,A7-CGL,0,ISL,,QE530,QQE,QQE530,9.0,9.0,29.0,0.0,0.0,0.0,8.0,39.49,38.47,36962.5,546.5
203,34545abe,4A5243,CL30,YR-TRC,0,AKX,,TOY226,TOY,TOY226,25.0,46.0,17.0,0.0,0.0,0.0,7.5,41.945,48.195,42087.5,397.0
204,34545c12,424B71,F900,M-CPAY,0,DXB,STN,,,MCPAY,16.0,3.0,10.0,-312.6419144,-330.6251113,-343.0094252,11.22222222,44.39,25.36,39994.44444,417.4444444
205,34545cfe,3E1DCB,C25A,D-ICMD,0,ZQW,FAO,,,DICMD,15.0,2.0,1.0,-353.2647907,-384.4793188,-353.7465078,7.2,42.9,-0.3,40865.0,388.4
206,3.45E+64,503D6F,A320,LY-HMD,0,VNO,HRG,HN2861,HST,HST2861,55.0,27.0,2.0,-296.4494518,-350.5225956,-372.7698323,7.5,45.765,23.545,32516.66667,429.3333333
207,34545f23,4D2494,A320,9H-MLZ,0,MLA,AMS,KM394,NVD,AMC394,1.0,2.0,6.0,-389.8306204,-376.9984433,-372.9751012,7.5,43.295,12.035,36000.0,424.25
208,3454601d,440028,C55B,OE-GPS,0,INN,ALC,,TYW,TYW846S,9.0,25.0,20.0,-362.6485088,-380.2329681,-367.0442451,7.0,42.815,5.325,33950.0,394.5
209,345460c0,501C0C,B738,9A-ABC,0,AMS,FUE,HV6705,EZZ,TRA75C,2.0,15.0,10.0,-387.2176704,-403.3568707,-409.6079387,7.8,43.8,-4.95,36600.0,435.8
210,34546136,15770E,IL96,RA-96014,1,VKO,,RSD982,RSD,RSD982,10.0,10.0,185.0,0.0,0.0,0.0,9.0,55.85,44.53,31450.0,433.0
211,345461dd,733490,A310,EP-MDP,0,MHD,IST,B99735,IRB,IRB9735,0.0,10.0,0.0,-350.7704731,-312.2659587,-704.5506611,8.0,37.98,44.505,33975.0,391.5
212,345462b2,39ADEC,F2TH,F-HLPM,0,CFE,OTP,,BIB,FHLPM,0.0,21.0,4.0,-392.4862712,-400.6937463,-419.4067071,7.0,44.685,11.505,34462.5,430.5
213,3454646f,70209B,B788,S2-AJV,0,ZYL,MAN,BG207,BBC,BBC207,13.0,15.0,3.0,-364.3519588,-350.2403778,-348.3723903,14.36363636,41.99,33.5,39079.54545,426.3636364
214,34546654,39A64B,C25B,F-HJSL,0,RNS,NAP,,IXR,IXR612J,36.0,27.0,2.0,-361.5973713,-398.6043721,-389.4983422,7.5,44.6,6.915,38518.75,434.0
215,34546664,4400D0,ASTR,OE-GBD,0,TZX,VIE,TYW434,TYW,TYW434,5.0,22.0,4.0,-346.2229907,-371.9029567,-408.5395817,7.5,42.91,30.32,38918.75,397.75
216,34546b9d,42,0,0,0,TBS,,HMJ225,,HMJ225,24.0,20.0,1.0,0.0,0.0,0.0,7.5,41.69,39.0,34987.5,363.0
217,3454711f,0100A2,A332,SU-GCE,0,BRU,AAC,MS521,MSX,MSR521,20.0,2.0,4.0,-451.3567999,-882.6837695,-444.5411076,9.333333333,41.13,22.245,37595.83333,488.1666667
218,34547242,78007E,B744,B-2475,0,CTU,AMS,CA1023,CAO,CAO1023,6.0,12.0,4.0,-443.5946448,-393.0716075,-451.4411452,15.16666667,60.005,31.07,34000.0,470.6666667
219,34547477,,A124,,0,,,,,A124,1.0,35.0,17.0,0.0,0.0,0.0,9.0,41.22,22.9,32365.0,420.2
220,345474fd,3CC9AB,LJ35,D-CDRF,0,FKB,,1I112,AMB,AMB112,12.0,8.0,15.0,0.0,0.0,0.0,8.0,44.25,16.31,40575.0,443.0
221,34547667,3CD950,LJ35,D-CJPG,0,CGN,LPA,QAJ5,QAJ,QAJ5,14.0,5.0,15.0,-380.6294361,-368.8583787,-780.0784549,8.666666667,42.56,-6.22,38337.5,413.5
222,34547691,4BD189,B738,TC-TLI,0,EBL,DUS,IA233,IAW,IAW233,1.0,1.0,0.0,-664.2793319,-417.8760902,-418.7231527,9.6,45.0,25.07,35600.0,436.2
223,345477c8,1F1D5B,MC23,73051,0,,,,,73051,81.0,34.0,2.0,0.0,0.0,0.0,9.555555556,55.08,40.24,35666.66667,442.0
224,3454782c,70209F,B789,S2-AJY,0,IST,YYZ,BG305,BBC,BBC305,5.0,6.0,23.0,-462.1338341,-906.0181323,-454.9066978,9.571428571,55.05,6.64,34267.85714,478.1428571
225,3.45E+09,43C6F7,A332,ZZ334,0,BZZ,AKT,RRR2302,RRR,RRR2302,0.0,33.0,4.0,-429.5922473,-808.2329266,-428.5521699,9.333333333,45.95,21.415,41000.0,473.3333333
226,34547a1b,347459,A332,EC-NZJ,0,RMS,JFK,P66985,PVG,PVG6985,28.0,11.0,8.0,-353.7313332,-341.9531455,-757.5041414,8.0,52.22,-0.42,35200.0,388.75
227,34547a97,452033,A320,LZ-LAG,0,HRG,DUS,H68283,BUC,BUC8283,8.0,2.0,14.0,-801.44561,-412.7604505,-419.803822,9.6,45.47,19.43,34790.0,446.6
228,34547b17,500388,GL7T,T7-MAHA,0,SHJ,LBG,,,T7MAHA,46.0,12.0,19.0,-340.9332614,-404.2576449,-398.4420923,11.22222222,42.45,29.9,42991.66667,463.4444444
229,34547b5c,,GA6C,,0,,,,,GA6C,8.0,27.0,2.0,0.0,0.0,0.0,8.75,38.49,17.44,38750.0,539.5
230,34547b68,780A13,A332,B-LNZ,0,ALA,MXP,RH358,HKC,HKC358,49.0,6.0,4.0,-215.097258,-326.3841807,-292.9877345,12.5,42.55,33.99,37000.0,404.5
231,34547bb4,70804D,,,0,,,,,,3.0,262.0,188.0,0.0,0.0,0.0,12.375,34.625,26.24,31543.75,413.375
232,34547c1f,477FF3,C17,08-2003,0,WRO,,,BRK,BRK78,16.0,24.0,50.0,0.0,0.0,0.0,12.33333333,41.09,28.05,35250.0,440.5555556
233,34547dac,770590,A333,4R-ALP,0,CMB,LHR,UL503,ALK,ALK503,41.0,11.0,12.0,-349.0450025,-380.8052433,-351.4111088,15.75,43.47,28.17,37500.0,428.625
234,34547eeb,,GLF5,,0,,,,,GLF5,26.0,19.0,12.0,0.0,0.0,0.0,9.333333333,41.64,19.025,42433.33333,497.5
235,34547fc6,02A1A6,A320,TS-ING,0,TUN,LGW,BJ844,LBT,LBT844,9.0,4.0,6.0,-362.1896805,-692.2869952,-325.3588582,8.75,44.245,6.58,36843.75,373.75
236,34548038,424502,B738,VQ-BHE,0,IST,DYU,SZ104,SMR,SMR104,13.0,25.0,21.0,-936.3507871,-492.3015327,-478.4983291,9.25,40.01,44.37,32262.5,531.0
237,3454806d,4D23EC,A320,9H-MLO,0,MLA,LGW,KM116,NVD,AMC116,2.0,1.0,18.0,-723.8332222,-334.4411947,-315.9940344,9.6,45.03,6.12,34820.0,368.0
238,3454814c,06A1C6,GLF6,A7-CGA,0,FAB,LCA,QE723,QQE,QQE723,26.0,12.0,8.0,-480.0527794,-948.9562061,-469.6200082,9.333333333,43.3,19.345,42741.66667,527.0
239,34548272,,GLF5,,0,,,,,GLF5,4.0,20.0,2.0,0.0,0.0,0.0,10.0,59.49,-0.085,42250.0,466.5
240,345483d1,151DB9,73H,RA-73145,0,VKO,AER,UT267,,UTA267,52.0,98.0,9.0,-482.1589165,-252.087402,-316.3748747,9.25,44.195,44.165,35075.0,417.75
241,345483fa,407D52,B744,G-UNET,0,LHR,HKG,HC211,HGO,HGO211,5.0,26.0,17.0,-695.7758356,-208.943187,-322.6777118,10.375,43.625,28.47,36500.0,516.375
242,34548901,4C8085,A320,5B-DDK,0,TLV,VNO,U81456,CYF,CYF1456,24.0,0.0,328.0,-361.1122336,-406.05646,-372.676988,10.2,43.91,23.2,36000.0,443.0
243,34548941,,GL7T,,0,,,,,GL7T,20.0,45.0,6.0,0.0,0.0,0.0,12.4,40.225,22.315,45920.0,452.4
244,345489c7,4CC4C5,B744,TF-AMN,0,HHN,NBO,,,ABD321P,9.0,6.0,20.0,-921.4084566,-441.2864245,-449.1855048,9.25,40.08,18.865,41000.0,503.0
245,345489ea,3CF62A,LJ45,D-CUNI,0,MST,AGA,UNI137,UNI,UNI137,25.0,9.0,13.0,-813.7439535,-398.6536427,-402.0572748,9.25,39.935,-0.16,41000.0,443.25
246,34548b04,4A2181,B738,YR-HLA,0,BER,HRG,6Y305,AEZ,ART305,3.0,2.0,11.0,-781.6660179,-402.7943912,-392.4922933,9.6,41.57,24.1,36200.0,424.4
247,34548c5c,142AF8,GLF6,RA-11000,0,VKO,ISL,,,RLA1110,9.0,128.0,12.0,-89.03087074,-43.24061222,-399.35085,9.833333333,42.365,41.815,42666.66667,490.8333333
248,3.45E+99,,GLF5,,0,,,,,GLF5,24.0,2.0,10.0,0.0,0.0,0.0,13.22222222,44.18,13.2,43000.0,441.5555556
249,3454912c,424B6D,H25B,M-YIGO,0,TLV,BUD,,,MYIGO,0.0,30.0,24.0,-360.1613879,-380.6867681,-392.9637978,10.5,40.24,25.07,40000.0,423.25
250,3.45E+12,,GLF6,,0,,,,,GLF6,2.0,12.0,4.0,0.0,0.0,0.0,11.0,41.3,17.55,42708.33333,469.0
251,345492c6,406CDD,A320,G-POWM,0,LGW,BJL,ZT791,AWC,AWC791,8.0,1.0,1.0,-420.7813886,-416.2481608,-407.952232,10.0,41.18,-6.75,34506.25,447.75
252,34549346,600018,A321,EK-AAD,0,EVN,SVO,JI102,AAG,AAG102,18.0,11.0,2.0,-321.4693259,-341.4649994,-363.0818364,10.0,48.615,44.755,33000.0,388.0
253,34549475,708045,,,0,,,,,,61.0,237.0,48.0,0.0,0.0,0.0,12.25,34.62,24.23,33006.25,231.75
254,345494c1,A4B6B6,A21N,N4022J,0,AMS,BOS,B632,JBU,JBU32,10.0,4.0,17.0,-356.1035955,-332.6108646,-327.1598643,11.5,54.96,-7.405,34500.0,377.75
255,345494fd,45A943,H25B,OY-JJC,0,RKV,OVD,EZ911,SUS,SUS901A,29.0,5.0,27.0,-349.3271305,-356.3469498,-372.2725322,10.5,54.13,-4.885,36175.0,434.3333333
256,34549965,,LJ75,,0,,,,,LJ75,10.0,6.0,1.0,0.0,0.0,0.0,10.2,39.52,-0.43,42190.0,438.0
257,345499da,E80623,A20N,CC-DIJ,0,TLS,KEF,OMD158,JAT,OMD158,9.0,24.0,3.0,-348.9651913,-350.6562697,-384.6638142,10.5,55.49,-3.8,38004.16667,429.6666667
258,34549ade,4BCE02,B738,TC-SPB,0,AYT,LEJ,XQ274,,SXS4FE,33.0,0.0,3.0,-385.1346906,-402.4859552,-404.3986621,10.2,44.63,24.54,35995.0,437.2
259,34549c1c,01025F,B738,SU-RSA,0,NQZ,SSH,4S5214,RSX,RSX5214,2.0,20.0,1.0,-354.1390343,-298.0041387,-207.5615468,12.28571429,41.11,40.54,36282.14286,387.8571429
260,34549c95,471DD6,A332,HA-LHU,0,ALA,BUD,,,WZZ207,2.0,6.0,15.0,-327.6311861,-316.4551962,-294.1977342,13.16666667,41.62,40.705,38000.0,398.0
261,3.45E+25,4D2481,FA7X,9H-BELL,0,VIE,RAI,,GES,GSM07X,8.0,8.0,0.0,-459.1096142,-457.6241778,-453.455621,10.5,40.415,0.855,39504.16667,473.5
262,34549eb4,4A81F9,GLF4,102002,0,QEI,,SVF680,SVF,SVF680,151.0,174.0,173.0,0.0,0.0,0.0,10.71428571,57.06,19.87,40760.71429,433.7142857
263,34549f04,459D6E,A338,OY-GKN,0,CPH,SFJ,GL781,GRL,GRL781,5.0,3.0,5.0,-416.0674954,-422.7803053,-422.1499335,10.0,61.245,-0.14,37868.75,456.75
264,34549f5f,33FFFE,FA50,MM62026,0,TBS,CIA,IAM3106,IAM,IAM3106,6.0,0.0,3.0,-314.6611255,-311.8044302,-347.5994164,12.71428571,41.08,30.85,38275.0,377.5714286
265,34549fac,,F900,,0,,,,,F900,20.0,29.0,15.0,0.0,0.0,0.0,10.71428571,40.43,33.56,40135.71429,508.4285714
266,3454a0ce,486442,C56X,PH-GHZ,0,ANR,LCA,,,PHGHZ,18.0,3.0,3.0,-392.8318083,-379.5927246,-381.8168729,10.71428571,43.65,21.27,44142.85714,435.8571429
267,3454a248,,GLF5,,0,,,,,GLF5,1.0,3.0,8.0,0.0,0.0,0.0,13.2,39.93,19.18,40005.0,451.8
268,3454a25c,,GLEX,,0,,,,,GLEX,35.0,7.0,7.0,0.0,0.0,0.0,16.25,39.02,0.045,42993.75,507.75
269,3454a28b,E49770,E550,PS-JAJ,0,GOA,,,,PSJAJ,10.0,0.0,7.0,0.0,0.0,0.0,10.2,39.34,-0.74,39510.0,435.6
270,3454a2aa,505CEA,B738,OM-GTJ,0,BCN,OTP,W43176,RLX,WMT74YP,22.0,9.0,11.0,-409.4671005,-427.4438964,-387.5179782,10.5,42.45,15.095,35500.0,457.5
271,3454a2dd,3C0CDB,CL60,D-ATWO,0,FJR,,UNI162,UNI,UNI162,10.0,24.0,4.0,0.0,0.0,0.0,13.0,42.235,32.24,37570.0,416.8
272,3454a3ea,485D61,E145,PH-DWA,0,AJR,LGG,AGR2,AGR,AGR0002,2.0,16.0,0.0,-388.7123476,-394.6758029,-378.363349,10.0,57.87,14.06,36000.0,428.75
273,3454a5cf,68332F,E35L,UP-EM024,0,VKO,DWC,5B5120,EAK,EAK5120,18.0,45.0,14.0,-304.8374913,-358.2620009,-434.2665918,10.71428571,46.15,51.02,38717.85714,476.1428571
274,3454a63f,,FA7X,,0,,,,,FA7X,15.0,25.0,23.0,0.0,0.0,0.0,10.2,49.27,7.93,40005.0,446.6
275,3454a90e,8990A8,B738,B-18610,0,XFW,DWC,CI1710,,CAL1710,4.0,3.0,11.0,-379.1697304,-382.9695985,-411.3589328,13.22222222,42.02,28.91,38944.44444,472.3333333
276,3454a99d,73957C,H25B,4X-CUT,0,TLV,CMF,,TMI,4XCUT,2.0,1.0,2.0,-342.7681917,-333.4125618,-337.6829159,11.71428571,39.32,20.51,39432.14286,381.4285714
277,3454a9cf,458661,B734,OY-ASA,0,FRL,SNN,CAT9003,,CAT9003,39.0,3.0,27.0,-325.9951399,-331.6588272,-314.5328665,10.2,50.71,4.87,35990.0,374.0
278,3454aa5b,,FA7X,,0,,,,,FA7X,7.0,4.0,16.0,0.0,0.0,0.0,11.5,40.865,29.69,43865.625,502.375
279,3454aae5,4CC55E,B744,TF-AMK,0,FRA,RUH,SV926,,SVA926,16.0,5.0,13.0,-411.7338068,-428.5180012,-467.1809435,11.0,39.46,15.84,34506.25,519.25
280,3454abf6,AADF8E,GL5T,N80AK,0,GVA,TEB,,,N80AK,4.0,11.0,4.0,-383.4030348,-384.7060381,-384.7524391,10.5,50.155,-5.72,42250.0,420.5
281,3454ada2,AE67E9,P8,,1,,,,,,177.0,92.0,168.0,0.0,0.0,0.0,13.6,44.74,29.13,33400.0,432.6
282,3454af76,,PC24,,0,,,,,PC24,344.0,11.0,26.0,0.0,0.0,0.0,10.5,49.23,2.495,37743.75,369.75
283,3454b17f,39ADEC,F2TH,F-HLPM,0,OTP,CFE,,BIB,FHLPM,2.0,3.0,4.0,-412.3847541,-412.9675353,-397.128933,10.5,45.2,15.285,42768.75,437.0
284,3454b302,39B44E,A21N,F-HNCO,0,ORY,EWR,B0100,DJT,DJT100,0.0,4.0,2.0,-317.5801293,-301.106762,-271.6685006,11.0,52.87,-9.575,35506.25,361.5
285,3454b394,,C68A,,0,,,,,C68A,8.0,0.0,2.0,0.0,0.0,0.0,11.8,58.1,18.54,39805.0,440.6
286,3454b418,,BE4W,,0,,,,,BE4W,17.0,3.0,4.0,0.0,0.0,0.0,11.0,43.685,17.105,37637.5,422.0
287,3454b495,4A5243,CL30,YR-TRC,0,TZX,BER,TOY227,TOY,TOY227,2.0,39.0,14.0,-290.8273185,-355.2976646,-432.2530831,11.0,44.85,27.34,40000.0,441.1666667
288,3454b68b,,E55P,,0,,,,,E55P,2.0,2.0,2.0,0.0,0.0,0.0,11.0,58.275,18.655,42937.5,435.75
289,3454b8a9,3E3E62,C25M,D-IOVA,0,OPO,ZRH,,,DIOVA,6.0,18.0,3.0,-338.8945005,-324.7786221,-291.3854621,11.0,43.17,-0.315,39931.25,346.5
290,3454b8be,45C86B,A20N,OY-RCK,0,XRY,BLL,RC7201,FLI,FLI7201,3.0,8.0,10.0,-387.0124989,-383.5243086,-390.9299883,11.2,47.54,0.78,37800.0,419.6
291,3454b8fb,4BCEB5,B738,TC-SUU,0,ADB,STR,XQ972,,SXS81Y,6.0,21.0,8.0,-392.812727,-386.9890901,-399.0343909,11.0,44.65,20.32,36000.0,433.25
292,3454baa6,45C86C,A20N,OY-RCL,0,LPA,FAE,RC497,FLI,FLI497,6.0,1.0,15.0,-405.7047272,-402.3757457,-395.1719258,12.5,46.96,-6.665,36756.25,444.25
293,3454bca5,34718D,A332,EC-NRG,0,DOH,BCN,IB2660,,IBE2660,4.0,13.0,36.0,-359.1223161,-355.9343543,-687.0369488,15.4,36.87,17.21,38000.0,401.2
294,3454bd23,,B350,,0,,,,,B350,80.0,3.0,24.0,0.0,0.0,0.0,13.11111111,43.39,14.01,33000.0,273.1111111
295,3454c126,505CD8,B738,OM-FEX,0,LPA,LIL,NT3012,AXE,IBB3PM,19.0,0.0,3.0,-395.3141979,-394.5587922,-397.2811229,12.0,39.645,-3.795,36000.0,437.0
296,3454c258,440BAC,C56X,OE-GWE,0,SZG,LCG,MOZ731,MOZ,MOZ731,4.0,3.0,51.0,-366.2021927,-339.4621363,-341.0963113,11.5,44.205,1.35,40106.25,410.0
297,3454c299,4B8693,E35L,TC-ATS,0,DWC,,,,TCATS,9.0,42.0,2.0,0.0,0.0,0.0,13.0,38.005,40.625,40000.0,384.5
298,3454c2aa,738062,B738,4X-EKR,0,TLV,WAW,LY5101,,ELY5101,82.0,329.0,12.0,-379.3233679,-402.8441275,-401.8395287,11.5,42.645,28.155,35991.66667,447.3333333
299,3454c482,,GL7T,,0,,,,,GL7T,2.0,16.0,13.0,0.0,0.0,0.0,13.8,40.66,21.54,42985.0,476.6
300,3454c979,471841,C650,HA-JEV,0,AGP,HAM,JSG259,JSH,JSG259,21.0,5.0,23.0,-365.8996635,-392.0668801,-392.6230158,11.8,45.15,-0.63,41755.0,423.6
301,3454ce4c,,GL5T,,0,,,,,GL5T,12.0,4.0,3.0,0.0,0.0,0.0,14.0,44.66,19.645,43537.5,488.6666667
302,3454cef5,18082,A333,5A-ONQ,0,IST,MJI,8U971,AAW,AAW971,91.0,15.0,9.0,-102.0363337,-371.5292339,-361.9733465,13.5,34.76,27.66,37250.0,416.75
303,3454cfe7,4912C8,C25B,CS-DVH,0,BQH,AGP,VVV232,VVV,VVV232,12.0,1.0,0.0,-366.4731933,-374.0114694,-368.7165685,12.0,44.745,-3.79,41450.0,397.25
304,3454d116,A98B45,GLF3,N714DS,0,RMS,,PH604,,GRB604,10.0,19.0,11.0,0.0,0.0,0.0,11.8,53.81,-2.26,41975.0,411.0
305,3454d15c,440028,C55B,OE-GPS,0,ALC,LIL,,TYW,TYW847S,12.0,354.0,349.0,-299.7376353,-294.548075,-309.1918527,11.5,43.945,1.305,37500.0,326.5
306,3454d165,49D407,E55P,OK-PHM,0,HUY,AGP,,AAN,OKPHM,6.0,0.0,1.0,-382.4759662,-380.6362355,-404.0281942,12.0,44.98,-3.555,41500.0,431.25
307,3454d25e,45AA50,A320,OY-JRP,0,IST,SHJ,G9322,DTR,ABY322,1.0,2.0,41.0,-441.9382957,-419.8086787,-390.3677752,13.2,37.85,40.37,38330.0,495.2
308,3454d402,440C58,F2TH,OE-HCY,0,TBS,NCE,SKV111,SKV,SKV111,0.0,26.0,8.0,-300.0242512,-387.9526263,-390.1265309,12.71428571,42.89,26.95,43000.0,415.2857143
309,3454d419,A94DB8,G280,N699SC,0,TLV,BFS,,,N699SC,232.0,1.0,3.0,-1033.591285,-416.1324413,-424.2475643,13.375,46.7,17.42,43000.0,451.25
310,3454d5a1,3CC005,E55P,D-CAAF,0,BMA,NCE,,AZE,AZE25HJ,3.0,9.0,24.0,-373.1867009,-385.2794295,-405.6963573,12.0,53.175,10.925,40500.0,430.5
311,3454d5cd,3E47B1,C525,D-ISIR,0,SIR,BMA,MCK308,MCK,MCK308,2.0,1.0,15.0,-331.3183165,-346.754418,-351.4407437,12.0,52.975,10.945,40000.0,373.25
312,3454d63b,15063B,GL5T,RA-67131,0,AER,,RFE9732,TUL,RFE9732,87.0,0.0,340.0,0.0,0.0,0.0,13.0,46.17,50.12,45025.0,483.5
313,3454d806,503D1A,H25B,LY-BGH,0,TBS,PFO,,,LLT736B,13.0,16.0,41.0,-314.2068854,-320.2212573,-315.2279641,12.0,38.48,38.64,40500.0,358.0
314,3454d8d6,3A3280,B789,F-OMUA,0,CDG,LAX,TN7,THT,THT7,7.0,9.0,10.0,-381.5038515,-390.7789146,-420.8663195,12.2,57.08,-5.7,35955.0,459.8
315,3454dcdb,40616C,C55B,G-CMBC,0,IBZ,OXF,LJC5,LJC,LJC5,11.0,7.0,1.0,-299.1911992,-294.5806923,-305.7496686,12.0,44.89,-0.155,36581.25,334.0
316,3454dd41,4CAAB1,B737,EI-TVG,0,ALC,VNO,LTC101,LTC,LTC101,11.0,5.0,9.0,-371.5574284,-389.2123113,-405.5824929,12.5,46.14,11.53,39995.83333,431.1666667
317,3454dfe3,,F2TH,,0,,,,,F2TH,3.0,10.0,7.0,0.0,0.0,0.0,12.0,40.93,21.615,41500.0,476.5
318,3454dfe4,,F2TH,,0,,,,,F2TH,13.0,8.0,2.0,0.0,0.0,0.0,12.2,47.15,1.65,42625.0,444.4
319,3454e1aa,48D000,CL35,SP-WAA,0,AGP,KRK,,JDI,JDI22R,26.0,12.0,1.0,-415.6899367,-412.6625761,-415.5973351,12.5,43.105,6.575,40320.83333,446.8333333
320,3454e1e5,48B206,B763,SP-MRG,0,BUD,HKG,TE701,IGA,IGA701,3.0,14.0,8.0,-298.6152252,-367.888108,-444.0773105,13.0,42.13,36.71,37000.0,494.5
321,3454e31b,781133,A332,B-8981,0,LIS,HGH,JD622,CBJ,CBJ622,6.0,2.0,9.0,-397.8845448,-422.5088462,-420.9740737,14.1,55.32,10.295,36700.0,458.6
322,3454e42e,151F69,GL5T,RA-73577,0,VKO,GYD,,,RLA7771,43.0,18.0,27.0,-412.0573701,-479.6534272,-504.0869791,12.0,49.315,45.45,41300.0,529.75
323,3454e4c5,738444,A21N,4X-AGK,0,TLV,PRG,IZ281,AIZ,AIZ281,1.0,5.0,0.0,-376.3458219,-405.556605,-420.7999963,13.2,42.31,23.03,35620.0,435.4
324,3454e584,,GLF6,,0,,,,,GLF6,1.0,0.0,7.0,0.0,0.0,0.0,13.77777778,47.5,15.42,41666.66667,486.8888889
325,3454e5be,42,0,0,0,TBS,,HMJ225,,HMJ225,13.0,23.0,35.0,0.0,0.0,0.0,14.0,41.81,35.895,36987.5,366.5
326,3454e785,507C5D,A320,UK32030,0,IST,SKD,HH572,QNT,QNT572,10.0,30.0,6.0,-452.5698931,-463.5685101,-465.6509186,13.0,40.985,43.375,35006.25,507.0
327,3454e7a3,3E3D01,C25A,D-IOHL,0,VLC,BER,,ECA,ECA2HL,15.0,17.0,16.0,-296.0164227,-308.7162439,-328.6486273,12.5,44.385,8.4,40000.0,366.5
328,3454e7a5,43C39C,R135,ZZ665,0,WTN,,RRR7212,RFR,RRR7212,6.0,42.0,11.0,0.0,0.0,0.0,14.33333333,55.58,19.6,34472.22222,429.5555556
329,3454e7b5,4.52E+03,C56X,LZ-CVA,0,GVA,RMO,HLR777,,HLR777,4.0,5.0,5.0,-383.7809044,-379.0449834,-377.6794377,14.0,47.47,17.2,37000.0,412.5
330,3454e8ed,39CE24,A359,F-HTRE,0,ORY,PUJ,TX606,FWI,FWI606,6.0,5.0,8.0,-378.3720327,-394.8973015,-405.3185372,12.5,46.1,-8.305,37993.75,439.0
331,3454e923,4D24FE,A332,9H-HFJ,0,CDG,DSS,HC404,HFY,SZN404,3.0,10.0,2.0,-413.6580782,-415.3456504,-411.4711731,12.8,41.6,-6.68,37200.0,448.6
332,3454eb61,45A94B,HA4T,OY-JJK,0,PMI,BLL,,,JNJ5KC,3.0,328.0,10.0,-340.5991477,-398.1240663,-417.388433,12.5,47.89,1.97,45000.0,438.75
333,3454ee31,20199,CL30,CN-EMM,0,GVA,CMN,,,CNEMM,15.0,1.0,15.0,-410.1556246,-401.2104436,-393.4915014,12.5,39.205,-1.02,45000.0,442.5
334,3454eecd,44B4A4,LJ45,OO-MED,0,PFO,LGG,,,OOMED,8.0,1.0,0.0,-374.7627495,-380.3055703,-398.9119788,13.0,42.425,21.035,44666.66667,423.0
335,3454efab,0A0097,C56X,7T-VNM,0,LIN,HME,,,7TVNM,0.0,6.0,11.0,-425.9778188,-413.8971074,-320.8885341,12.5,38.51,7.13,39018.75,445.0
336,3454f021,3CD950,LJ35,D-CJPG,0,LPA,CGN,QAJ5,QAJ,QAJ5,0.0,15.0,7.0,-406.6127034,-387.2527473,-407.9381301,17.0,42.905,-4.765,39006.25,440.25
337,3454f084,3CE997,PC24,D-CPTN,0,LCA,CMF,PTN946,PTN,PTN946,33.0,16.0,2.0,-310.4878425,-307.2948843,-310.309484,13.71428571,40.79,22.54,42985.71429,344.4285714
338,3454f31b,AE29FE,B737,166695,0,CHQ,,,CNV,CNV4333,4.0,5.0,20.0,0.0,0.0,0.0,13.71428571,43.21,8.84,37714.28571,386.1428571
339,3454f413,44958B,FA8X,OO-ELK,0,LBG,TEB,AAB45,AAB,AAB45,37.0,3.0,3.0,-336.572491,-328.8638984,-329.6592849,12.5,51.26,-6.585,39712.5,406.0
340,3454f8fd,734D27,A306,EP-SIG,0,IST,IKA,MRJ4804,MRJ,MRJ4804,36.0,45.0,2.0,-455.8045908,-514.4294483,-418.010009,12.8,38.01,41.47,34920.0,550.6
341,3454f9e3,,FA8X,,0,,,,,FA8X,8.0,1.0,18.0,0.0,0.0,0.0,13.71428571,56.43,7.13,40857.14286,442.2857143
342,3454fb4a,4BCA62,LJ45,TC-RSB,0,ISL,DIY,RHH37,RHH,RHH037,1.0,16.0,55.0,-437.8997193,-144.5329708,412.0359486,13.75,38.69,39.345,39531.25,499.25
343,3454fbc4,,GLF6,,0,,,,,GLF6,25.0,4.0,3.0,0.0,0.0,0.0,13.66666667,44.155,27.64,40733.33333,526.0
344,3454fbed,501C0C,B738,9A-ABC,0,FUE,AMS,HV6706,EZZ,TRA7F,16.0,26.0,0.0,-402.7611391,-404.9675147,-406.0740946,13.8,40.59,-3.97,35600.0,443.4
345,3454fc70,,GLEX,,0,,,,,GLEX,7.0,10.0,24.0,0.0,0.0,0.0,13.2,53.29,-1.09,40805.0,434.6
346,345500be,,GLF5,,0,,,,,GLF5,10.0,5.0,5.0,0.0,0.0,0.0,13.0,39.605,22.385,41000.0,521.75
347,345502fc,E49163,A332,PR-AIU,0,ORY,VCP,AD8701,AZU,AZU8701,10.0,4.0,1.0,-400.6227046,-406.1716666,-412.7598309,13.8,40.63,-10.14,36200.0,434.8
348,3455053e,,CL35,,0,,,,,CL35,8.0,3.0,13.0,0.0,0.0,0.0,13.5,47.15,14.485,39533.33333,434.8333333
349,345505b4,151DB9,73H,RA-73145,0,AER,VKO,UT268,,UTA268,230.0,38.0,14.0,-246.6534609,-302.5576229,-330.5164901,13.8,48.91,44.81,35000.0,384.0
350,3.46E+11,503D6F,A320,LY-HMD,0,HRG,VNO,HN2862,HST,HST2862,1.0,12.0,2.0,-381.0888034,-396.0667051,-399.5266134,14.2,42.42,23.72,34005.0,454.4
351,345508be,151E2D,B738,RA-73261,0,MRV,VKO,R3480,SYL,SYL480,226.0,28.0,2.0,-266.632173,-338.6166931,-342.7722148,13.0,48.16,45.095,35000.0,401.5
352,34550a5a,A572AF,GLF4,N450FX,0,ZRH,BGR,LXJ450,LXJ,LXJ450,2.0,3.0,5.0,-375.6511204,-370.7274538,-372.118629,13.5,49.67,-5.205,43000.0,408.0
353,34550c1c,452087,A320,LZ-BHM,0,DUS,EBL,UD438,BGH,UBD438,2.0,3.0,3.0,-422.0983107,-415.7988992,-406.0765433,14.0,45.11,23.17,33008.33333,479.0
354,34550d00,,GLEX,,0,,,,,GLEX,15.0,5.0,8.0,0.0,0.0,0.0,16.0,44.45,25.38,41410.71429,524.0
355,34551044,407C5E,A333,G-EODS,0,STN,CKG,ZT287,,AWC287,1.0,23.0,3.0,-353.129302,-332.6273434,-224.9084261,14.625,44.905,24.045,39000.0,495.875
356,34551165,40700A,A321,G-POWN,0,OTP,LGW,ZT662,AWC,AWC662,5.0,2.0,3.0,-420.6705214,-412.6510952,-366.8064287,13.5,48.51,14.06,34475.0,433.75
357,345511bf,4A1265,A320,YR-DSE,0,BCM,DUB,DN407,JOC,JOC407,4.0,2.0,1.0,-416.875409,-412.7514689,-389.8903236,14.0,51.085,10.12,36000.0,423.8333333
358,34551230,424317,A320,VP-BAC,0,AMS,TAS,,,VPBAC,28.0,2.0,3.0,-351.562611,-255.733071,-232.4815449,14.625,43.65,25.3,39003.125,491.875
359,34551599,,F2TH,,0,,,,,F2TH,0.0,7.0,3.0,0.0,0.0,0.0,14.28571429,44.21,28.47,41000.0,463.4285714
360,34551619,778822,A320,YK-BAB,0,,,SAW423,SAW,SAW423,300.0,9.0,13.0,0.0,0.0,0.0,14.0,42.7,47.25,33006.25,399.5
361,34551817,3CC9AB,LJ35,D-CDRF,0,AYT,,1I112,AMB,AMB112,2.0,28.0,10.0,0.0,0.0,0.0,13.8,43.51,23.51,37975.0,424.8
362,34551829,33FD99,GLF5,MM62303,0,,,IAM1470,IAM,IAM1470,180.0,29.0,0.0,0.0,0.0,0.0,13.8,39.67,18.29,40030.0,436.0
363,34551a02,501D13,CL60,9A-CRO,0,ZAG,GYD,,,9ACRO,18.0,10.0,10.0,-405.9117496,-459.8201113,-319.8465325,13.8,42.78,30.44,35010.0,509.2
364,34551ba1,3CEFBD,C56X,D-CSCB,0,FNC,LBG,SCR187,SCR,SCR187,16.0,1.0,3.0,-390.6026359,-395.9700199,-389.4825414,14.2,39.56,-10.6,40980.0,424.0
365,34551d76,3CE630,LJ45,D-COMA,0,HEL,MAN,UNI136,,UNI136,7.0,6.0,0.0,-405.1966259,-402.6253936,-376.1023402,13.5,57.895,9.985,43000.0,427.5
366,345523b8,4D23EC,A320,9H-MLO,0,LGW,MLA,KM117,NVD,AMC117,11.0,15.0,2.0,-454.0843042,-458.5168066,-455.2866188,14.0,43.815,8.675,35006.25,498.5
367,34552411,347555,A332,EC-OAP,0,WAW,PMV,PU971,PUE,PUE971,21.0,4.0,5.0,-388.5948734,-347.4661849,-371.6809967,14.85714286,44.32,1.91,35029.71429,456.8571429
368,34552cec,3465C9,A320,EC-ISI,0,NTE,RAK,V72372,VOE,VOE96HA,19.0,1.0,16.0,-368.81756,-393.7702271,-392.5288829,14.0,40.2,-6.97,37006.25,427.25
369,34552ee0,3CEA40,LJ45,D-CQAA,0,SCQ,OSL,QAJ1,QAJ,QAJ1,2.0,9.0,14.0,-398.1087013,-387.7966362,-410.1937226,14.2,50.05,2.3,43000.0,453.2
370,34553096,06A1C6,GLF6,A7-CGA,0,LCA,ZRH,QE723,QQE,,31.0,8.0,1.0,-395.7152949,-422.0618731,-432.9398686,14.2,40.22,24.37,46560.0,455.2
371,34553359,142AF8,GLF6,RA-11000,0,ISL,VKO,,,RLA1111,27.0,250.0,21.0,-142.2365962,-0.6396317513,-399.3757136,14.5,44.8,43.61,41000.0,540.0
372,3455337e,398699,A21N,F-HBUZ,0,MXP,EWR,B0300,DJT,DJT300,15.0,12.0,9.0,-286.0021996,-294.193716,-309.5095396,14.8,52.54,-0.88,35910.0,381.2
373,345533d6,1.51E+27,B738,RA-73253,0,MRV,DME,Y7403,TYA,TYA403,226.0,27.0,3.0,-283.9387255,-290.5188354,-341.9750377,14.2,49.21,44.22,35000.0,393.2
374,34553ac8,700011,A343,YA-KME,0,MZR,IST,RQ9011,KMF,KMF9011,7.0,28.0,26.0,-339.4781195,-301.4876888,-353.0984019,17.0,41.135,42.76,38000.0,376.5
375,34553b74,4BCE02,B738,TC-SPB,0,LEJ,AYT,XQ275,,SXS9JH,14.0,2.0,5.0,-399.423838,-401.1264849,-408.4865198,14.5,46.07,19.865,36725.0,440.75
376,34553f2f,39C642,C25A,F-HRSC,0,NCE,RVN,,,FHRSC,335.0,1.0,2.0,-311.8750715,-347.7242932,-359.5001355,15.16666667,52.435,12.965,44779.16667,375.0
377,34554240,452033,A320,LZ-LAG,0,DUS,HRG,H68282,BUC,BUC8282,12.0,2.0,0.0,-420.3533871,-428.6590542,-422.04584,14.8,43.35,17.81,34975.0,459.8
378,34554658,7.41E+07,H25B,JY-AWD,0,ZRH,BJV,,AWS,JYAWD,15.0,2.0,0.0,-416.8012387,-416.5021999,-417.2887172,14.5,43.69,18.475,35018.75,449.75
379,345546f8,,FA8X,,0,,,,,FA8X,13.0,35.0,4.0,0.0,0.0,0.0,14.8,44.56,26.3,41180.0,472.4
380,34554707,46788D,LJ35,LJ-1,0,BRU,JYV,FNF179,FNF,FNF179,5.0,5.0,9.0,-392.9552207,-400.6508186,-397.0253586,14.5,56.77,11.765,36956.25,424.75
381,345550df,500362,GLEX,T7-ALEX3,0,LTN,DWC,,,T7ALEX3,5.0,18.0,2.0,-463.0724774,-452.2171441,-905.5211352,16.0,42.85,28.81,41003.57143,464.1428571
382,345555b5,4A2181,B738,YR-HLA,0,HRG,BER,6Y306,AEZ,ART306,11.0,11.0,5.0,-403.4629305,-811.788612,-411.8613213,16.0,43.76,21.64,35595.0,445.4
383,345557af,02A1A7,A320,TS-INH,0,JED,TUN,BJ4141,LBT,LBT4141,19.0,3.0,2.0,-370.035826,-347.6271674,-342.9385757,17.0,35.215,20.03,34000.0,391.5
384,345558bb,0A009B,B738,7T-VCF,0,JED,,SF5561,DTH,DTH5561,18.0,2.0,2.0,0.0,0.0,0.0,17.0,34.875,19.185,36006.25,377.5
385,345558f4,,GA6C,,0,,,,,GA6C,2.0,3.0,19.0,0.0,0.0,0.0,15.0,40.45,38.32,44312.5,566.5
386,345559f3,142AFC,GLF4,RA-11044,1,IST,VKO,MMM9632,MMM,MMM9632,6.0,61.0,300.0,-1.096900026,-138.5992217,-351.0216687,17.0,42.635,44.96,43000.0,485.5
387,34555a61,4D24A9,B744,9H-AKJ,0,EMA,JED,SV3046,,SVA3046,5.0,27.0,6.0,-448.8544452,-466.297354,-920.9322943,15.66666667,44.455,16.195,40333.33333,501.8333333
388,3.46E+99,,GLF5,,0,,,,,GLF5,38.0,14.0,3.0,0.0,0.0,0.0,15.0,39.155,20.89,40843.75,410.5
389,34556166,,FA8X,,0,,,,,FA8X,31.0,0.0,6.0,0.0,0.0,0.0,16.0,42.49,29.4,39228.57143,489.5714286
390,34556380,,GA5C,,0,,,,,GA5C,18.0,20.0,23.0,0.0,0.0,0.0,15.0,38.64,33.135,43506.25,584.75
391,34556512,7000A1,A310,YA-FGF,0,KBL,IST,FG719,AFG,AFG719,8.0,21.0,2.0,-337.6885546,-342.3915408,-343.0833031,17.0,39.185,42.725,35993.75,372.75
392,345567c8,,F2TH,,0,,,,,F2TH,11.0,24.0,3.0,0.0,0.0,0.0,17.0,39.51,42.41,43493.75,377.0
393,34556809,,GL7T,,0,,,,,GL7T,17.0,4.0,17.0,0.0,0.0,0.0,15.4,46.85,19.1,42990.0,478.0
394,34556b74,400F63,A346,G-ECLN,0,BOH,CTU,SE600,URO,URO600,8.0,10.0,18.0,-349.5332445,-624.6767472,-194.6950274,16.33333333,45.055,22.48,39004.16667,499.5
395,3.46E+96,02019A,LJ45,CNTMV,0,ALC,OSL,,,AOM396M,8.0,1.0,16.0,-359.476427,-348.8721282,-714.6822548,15.66666667,48.735,2.54,40845.83333,410.3333333
396,345576b9,,GLF5,,0,,,,,GLF5,17.0,6.0,2.0,0.0,0.0,0.0,16.25,57.075,-6.6,43000.0,449.5
397,34557934,502D81,GLEX,YL-DAM,0,VIE,ALA,,UAG,UAG28S,19.0,20.0,7.0,-324.5851932,-696.300886,-472.095135,16.33333333,42.065,37.25,39779.16667,523.5
398,3455848c,4BD189,B738,TC-TLI,0,DUS,EBL,IA234,IAW,IAW234,1.0,3.0,11.0,-407.1601599,-418.9582079,-432.6790672,17.0,44.69,24.24,37000.0,462.0
399,345588d1,4BCA66,CL60,TC-RSF,0,KWI,BRS,RHH35,RHH,RHH035,0.0,15.0,2.0,-365.7570645,-348.8479352,-339.5119754,17.0,40.31,36.975,36506.25,392.5
400,34558d0e,730601,A343,EP-APA,0,IKA,IST,EP512,IRC,IRC512,24.0,0.0,1.0,-692.3426712,-364.5297547,-358.6892326,16.25,39.81,38.065,38000.0,382.5
401,34559104,738062,B738,4X-EKR,0,WAW,TLV,LY5102,,ELY5102,19.0,7.0,12.0,-780.3408423,-373.6215567,-387.2214285,16.25,40.805,27.27,37000.0,418.0
402,345595ee,73957C,H25B,4X-CUT,0,CMF,TLV,,TMI,4XCUT,5.0,7.0,3.0,-877.7226055,-437.5043219,-433.0175233,16.6,38.43,22.4,36595.0,477.6
403,3455a2b1,505CD8,B738,OM-FEX,0,LIL,LPA,NT3013,AXE,IBB7TD,2.0,2.0,2.0,-400.3052993,-389.8579081,-386.475431,17.0,40.64,-7.595,37587.5,425.0
404,3455a41e,3CD43B,C25B,D-CHRF,0,PMO,DUS,HR910,HHN,HHN910,6.0,7.0,17.0,-319.89952,-321.1929208,-302.6158945,17.0,46.82,10.995,37900.0,349.25
405,3455ab69,70612C,A20N,9K-CBE,0,KWI,DME,J9337,JZR,JZR337,332.0,355.0,353.0,-343.4687233,-327.5477328,-327.8657049,17.0,39.555,50.285,36506.25,405.25
406,3455ad42,3CF62A,LJ45,D-CUNI,0,ALC,MMX,UNI137,UNI,UNI137,1.0,17.0,1.0,-377.5456782,-393.0370465,-400.0800246,17.0,47.4,8.055,42987.5,431.25
407,3455af25,4D2103,CRJ2,9H-JOY,0,ISL,FRA,,AXY,AXY471T,2.0,8.0,0.0,-409.0932041,-414.611192,-391.9900605,17.0,46.39,19.555,35518.75,435.5
408,3455b390,328826,738,,0,BGW,IST,IF221,,FBA221,16.0,7.0,3.0,-343.0905984,-346.3268497,-378.0828722,17.0,39.11,36.88,34356.25,369.0
409,3455b3cf,,GLF5,,0,,,,,GLF5,5.0,5.0,1.0,0.0,0.0,0.0,17.0,52.5,-8.33,41850.0,405.75
410,3455be3e,,GL5T,,0,,,,,GL5T,4.0,3.0,16.0,0.0,0.0,0.0,17.0,52.215,6.385,43000.0,482.25
411,3455c3a3,6355B5,GLEX,N98WG,0,VLC,BLR,,,N98WG,39.0,8.0,14.0,-439.3223453,-484.0709363,-491.9899517,17.0,39.02,10.71,39312.5,525.25
412,3455c42e,45209C,A320,LZ-MDI,0,SOF,ALC,W64413,USW,WZZ7392,9.0,3.0,2.0,-392.0058657,-393.8480466,-386.5995271,17.0,41.535,14.425,35293.75,423.0
413,3455c814,4B199D,CL60,HB-JSF,0,ADB,STR,,,HBJSF,6.0,4.0,4.0,-387.2313352,-401.3490112,-385.11083,17.0,42.665,20.69,37375.0,424.75
414,3455c8bd,48C812,BE40,SP-TAT,0,NCE,GLA,,SAH,SAH26P,5.0,1.0,9.0,-301.7504847,-309.9214911,-321.085364,17.0,48.435,3.38,38018.75,340.75
415,3455cb1e,451D86,E190,LZ-VAR,0,SOF,BRU,FB407,LZB,LZB407,2.0,7.0,0.0,-408.6761894,-398.1621059,-380.5266204,17.0,47.335,15.97,37306.25,432.25
416,3455d1a1,49D4CF,E55P,OK-STS,0,OSR,BCN,,QAV,QAV30E,5.0,3.0,11.0,-408.2473028,-403.6307928,-387.5716745,17.0,45.52,9.995,37231.25,438.5
0,347a113c,781284,A333,B-1017,0,SZX,LHR,ZH9067,CSZ,CSZ9067,0.04484754470448547,0.013737352432650235,0.007947120945560748,0.0,0.0,0.05481939707175796,0.0004898672151796233,56.14,14.59,0.9999220418205395,0.012476790915727697
1,347a1f0d,39B221,B77L,F-HMRB,0,HKG,CDG,2C611,CMA,CMA611,0.0026380908649697335,0.18545425784077815,0.001986780236390187,0.0,0.010179819396259546,0.0,0.0005306380459326249,45.795,22.075,0.9999114206193892,0.013299223217129758
2,347a26ec,780204,B77W,B-KPD,0,HKG,LHR,CX253,CPA,CPA253,0.010552363459878934,0.02060602864897535,0.0,0.0439314242432966,0.0,0.0,0.0004791286804841546,48.205,15.745,0.9999207244886705,0.012582335783149103
3,347a3160,7810C6,A332,B-8776,0,CKG,LHR,GS7965,GCR,GCR7965,0.06331418075927361,0.0412120572979507,0.007947120945560748,0.0,0.0,0.0,0.0012196542233227454,55.13,13.415,0.9999322650758214,0.011574873818427025
4,347a79b0,A8320E,B748,N627UP,0,SDF,DXB,5X76,UPS,UPS76,0.03429518124460654,0.08929279081222652,0.01986780236390187,0.0,0.05599734135697943,0.0,0.000910419498222545,44.43,16.75,0.999897343766887,0.014299407829024825
5,347ab59a,70C126,A21N,A4O-OXA,0,MCT,MUC,OV995,OMS,OMS995,0.042209453839515736,0.048080733514275824,0.003973560472780374,0.0,0.0,0.0,0.0013091048706338796,45.665000000000006,23.405,0.9999224028729248,0.012388481637147473
6,347ae599,4D0115,B744,LX-ECV,0,DWC,LUX,CV7205,CLX,CLX7XM,0.05539990816436441,0.013737352432650235,0.0059603407091705606,0.02961949697890959,0.0865088824716072,0.06725855005382757,0.00010334308589719043,44.22,22.96,0.999896452084429,0.014390080930195039
7,347ae904,7810C4,B763,B-1589,0,KGF,LGG,O37429,CSS,CSS7429,0.013190454324848668,0.02747470486530047,0.001986780236390187,0.0,0.0,0.0,9.718577349552199e-05,56.54,25.21,0.9999454914709587,0.010440528809804648
8,347af544,732541,A332,EP-IJA,0,FRA,IKA,IR720,IRA,IRA720,0.007914272594909202,0.013737352432650235,0.013907461654731309,0.0,0.04258040573028251,0.07750716512901588,0.0011300854683271508,39.555,39.41,0.9999274680070069,0.011990897878410118
9,347afa46,151F37,GLEX,RA-73527,0,AZI,VKO,RSJ9627,RSJ,RSJ9627,0.05803799902933414,0.15111087675915258,0.001986780236390187,0.0,0.04744215536425141,0.024565760048739702,5.8121843765326856e-05,48.29,45.1,0.99993437733947,0.011455899640702106
10,347b00c5,440A8D,B744,OE-IFK,0,NQZ,LGG,3V854,ABR,TAY854,0.06859036248921307,0.02060602864897535,0.009933901181950935,0.0,0.0,0.13936460984108742,0.0005087375376571906,46.255,21.99,0.9999045158490533,0.013809430501954722
11,347b0641,501C2F,A319,9A-MUC,0,LPA,DRS,SR3469,BER,SDR36NB,0.013190454324848668,0.02747470486530047,0.055629846618925234,0.0,0.01629496312331421,0.0,0.0013014226944598126,43.92,7.745,0.9999057161088247,0.013669864369078154
12,347b0875,150694,CRJ2,RA-67220,0,DWC,,RFE9005,PLG,RFE9005,0.09233318027394068,0.006868676216325117,0.021854582600292057,-0.03843958479798963,-0.03245008756175444,-0.01807834131234282,6.932684755611116e-05,39.23,39.03,0.9999259180355888,0.01217183776070312
13,347b0e7a,780A7B,A332,B-LNV,0,ALA,IST,RH9489,HKC,HKC9489,0.12399027065357748,0.1236361718938521,0.02582814307307243,0.07617797069122055,0.0,0.0,0.0004956587332615181,41.585,41.57,0.999922986722242,0.012400602682587388
14,347b113e,76CCE2,A359,9V-SGB,0,EWR,SIN,SQ21,SIA,SIA21,0.09497127113891041,0.006868676216325117,0.009933901181950935,0.0,0.0,0.0,9.232245210946749e-05,48.25,5.52,0.9998968452623136,0.014362809997968188
15,347b124c,511170,A20N,ES-MBA,0,TFS,MUC,DI6585,MBU,MBU6585,0.03429518124460654,0.15111087675915258,0.009933901181950935,0.03071003558196237,0.0,0.0,6.062811462977323e-05,42.84,-0.04,0.9999147942458527,0.013053757026459818
16,347b1464,4D2475,B738,9H-KAR,0,FCO,TLV,BZ131,BBG,BBG131,0.023742817784727602,0.013737352432650235,0.0059603407091705606,0.0,0.0,0.0,5.990529598034255e-05,37.0,24.02,0.9999229855365447,0.012410455553220838
17,347b1a2b,A0BE20,GLEX,N147QS,0,LTN,DWC,,EJA,N147QS,0.013190454324848668,0.0824241145959014,0.01986780236390187,-0.07046795988098022,0.11667525909146075,0.2149772964121214,0.001128133855562522,40.875,19.72,0.9999229673830516,0.012360688244460714
18,347b2104,4CC546,A21N,TF-PLB,0,AGP,KEF,,FPY,FPY43M,0.02901899951466707,0.08929279081222652,0.001986780236390187,0.0,0.0,0.008435032143579454,0.0008261698806414121,52.18,-10.81,0.9999552626039164,0.009422857000979234
19,347b24fc,600B22,B744,4K-BCH,0,LGG,GYD,7L752,AZG,AZG752,0.007914272594909202,0.18545425784077815,0.015894241891121496,0.0,0.0,0.22541288192407372,0.0009022121904345688,42.25,35.33,0.9999116388639808,0.013262747736109635
20,347b28bb,47B12E,B789,LN-FNC,0,OSL,BKK,N091,NBT,NBT091,0.007914272594909202,0.21979763892240375,0.007947120945560748,0.0428299283170556,0.054177474863339826,0.0,9.80265535601849e-05,40.5,37.03,0.9998930242671802,0.014626360197498177
21,347b2ae8,A95C2F,B744,N702CA,0,,,,NCR,CMB559,0.060676089894303877,0.1236361718938521,0.08543155016477803,0.0,0.0,0.0,0.0014000640113101565,47.965,18.295,0.9999083062568929,0.013469183317327698
22,347b3193,347648,E295,EC-OEP,0,FLR,LPA,NT3073,IBB,IBB1ZF,0.0,0.05494940973060094,0.01788102212751168,0.0,0.0,0.0,6.571002538007725e-05,38.13,-2.67,0.9999351688272626,0.011386563335185368
23,347b3350,899105,B744,B-18719,0,AMS,BOM,CI5686,CAL,CAL5686,0.010552363459878934,0.13050484811017724,0.029801703545852803,0.0,0.0,0.0,0.001432435984657814,41.94,36.39,0.9998893110466238,0.014809246498648487
24,347b395e,683298,B738,UP-B3732,0,AKX,IST,DV495,VSV,VSV495,0.0712284533541828,0.0824241145959014,0.0059603407091705606,-0.10089984764408666,-0.0851780503932377,-0.05014537985217705,6.068610796689706e-05,40.38,41.13,0.9999310232560864,0.01174500094646868
25,347b3990,060040,A359,3B-NCE,0,CDG,MRU,MK15,MAU,MAU15,0.0712284533541828,0.013737352432650235,0.003973560472780374,0.0,0.0,0.04926512774549034,0.0012674518141006458,39.89,17.695,0.9998989455621089,0.014159527876367536
26,347b3d7f,706056,B77W,9K-AOC,0,LHR,KWI,KU102,KAC,KAC102,0.010552363459878934,0.07555543837957629,0.027814923309462617,0.0,0.10279320626280909,0.1323478049563899,0.0009553988512012351,41.86,31.215,0.9999095947656997,0.01341228945890363
27,347b4020,3A2E23,B77W,F-OLRD,0,CDG,RUN,UU974,REU,REU974,0.06331418075927361,0.02060602864897535,0.0059603407091705606,-0.15960282842281948,-0.13473417532061968,-0.03762911986257771,0.0005614852260482393,42.22,15.68,0.9998505757180749,0.017277470028197416
28,347b4212,503CC0,B738,LY-LOC,0,TFS,HAM,DI6449,KLJ,MBU6449,0.03429518124460654,0.0,0.02582814307307243,0.0,0.0,0.0,9.867227633700881e-05,45.07,-3.21,0.9999106926112848,0.013364021303582416
29,347b474a,155BF6,SU95,RA-89078,0,AYT,DME,IO1802,IAE,IAE1802,0.013190454324848668,0.17171690540812792,0.542391004534521,0.0,0.0,0.17547718005295315,0.0005271884663112334,45.23,43.38,0.9999253686545161,0.012205703316526092
30,347b4813,4CADA0,C56X,EJ-PRLN,0,DUB,AGP,SON5,SON,SON005,0.0,0.006868676216325117,0.02582814307307243,0.019508980990378486,0.0450884394066969,0.0,0.0011685146842709056,45.405,-4.484999999999999,0.9999384525870628,0.011032933029018057
31,347b4a9b,4D22AB,A20N,9H-NED,0,MLA,LHR,KM102,AMC,AMC102,0.0026380908649697335,0.02747470486530047,0.0059603407091705606,0.11715096986170911,0.0,0.0,0.0013835492769825937,46.010000000000005,5.225,0.9999339020740088,0.011413907063089894
32,347b50e3,0C802E,A343,PZ-TCW,0,AMS,PBM,PY993,SLM,SLM993,0.04484754470448547,0.21292896270607864,0.001986780236390187,0.012493600654674409,0.0,0.0,0.0013095747130802604,48.81,-9.825,0.9999099343555058,0.013356952917436845
33,347b58ce,4BB165,B77W,TC-LKE,0,IST,BOM,6E18,IGO,IGO018,0.05276181729939467,0.013737352432650235,0.0,0.0,0.0,0.048574700273564204,0.001324372143078469,38.83,38.62,0.9999033551405799,0.013839306956556281
34,347b5996,096028,B38M,D4-CCJ,0,BGY,SID,VR631,TCV,TCV631,0.010552363459878934,0.02060602864897535,0.02582814307307243,0.0,0.0,0.0,0.0009242565014794838,39.12,-1.18,0.9999339961451369,0.011452034890645007
35,347b59fc,407E4C,E55P,G-NHHG,0,AGP,SEN,,VCG,VCG2HG,0.0026380908649697335,0.048080733514275824,0.001986780236390187,0.0,0.03905479100202873,0.09285939031043496,0.0011489248188646225,43.88,-2.665,0.9999469456392789,0.01023649737154005
36,347b5c97,485D61,E145,PH-DWA,0,KEF,LGG,AGR1943,AGR,AGR1943,0.039571362974546005,0.013737352432650235,0.011920681418341121,0.0,0.0,0.0,0.0012490187915463115,58.24,-4.82,0.9999129348689515,0.013136309748869373
37,347b6004,06A1D2,GLF6,A7-CGN,0,DIA,LIN,QE985,QQE,QQE985,0.05539990816436441,0.33656513459993076,0.001986780236390187,-0.24122716551854592,-0.21638681717183295,-0.13497092032079772,0.00011824614543268809,43.82,24.705,0.9999341610410247,0.011474301766604756
38,347b6085,424502,B738,VQ-BHE,0,MUC,DYU,SZ122,SMR,SMR122,0.010552363459878934,0.02060602864897535,0.03178848378224299,0.01550434563365124,0.23685437501975812,0.0,0.0009546777729020767,42.26,33.71,0.9999118818425738,0.013240737909656328
39,347b608c,867FAC,B77W,JA733J,0,CDG,HND,JL46,JAL,JAL46,0.005276181729939467,0.0412120572979507,0.007947120945560748,-0.09922454023546842,-0.03354635534111566,0.18721110604244412,0.0005855431723996419,41.33,33.19,0.9998743380155473,0.01584188489935792
40,347b6322,0101A7,A320,SU-BQK,0,NTE,LXR,NP7156,NIA,NIA7156,0.007914272594909202,0.08929279081222652,0.0059603407091705606,0.0,0.0,0.1535105362832633,0.0009208010638492732,39.19,13.63,0.9999006193717206,0.014067818077103071
41,347b64cb,7807D6,A332,B-6538,0,LHR,PVG,MU534,CES,CES534,0.09233318027394068,0.013737352432650235,0.007947120945560748,0.01794442747752127,0.09418137679687694,0.0,0.00010010394516226809,61.19,23.86,0.9998901525967075,0.014821360238950736
42,347b6636,4B8392,DRON,TC-J1,1,,,,HVK,,0.07386654421915254,0.18545425784077815,0.5443777847709113,0.0,0.0,0.25412893700730754,0.002708733812400293,38.260000000000005,26.41,0.9999783142884625,0.0060028088374259655
43,347b6b49,010237,A320,SU-NML,0,CGN,HRG,NE6304,NMA,NMA6304,0.007914272594909202,0.013737352432650235,0.03973560472780374,-0.02997660570426483,0.0008407501622573592,0.017188364737480914,0.0013142396681997187,42.855,22.715,0.9999146471685072,0.012998890413190594
44,347b6bb9,E8021C,B763,CC-CXE,0,FRA,SID,UC1506,LCO,LCO1506,0.06595227162424334,0.02060602864897535,0.03178848378224299,0.030472989811376694,0.009478164404698427,0.09783589296500178,0.00010212338929003734,43.62,-5.67,0.9999114270046513,0.013308933703914226
45,347b6d21,4D2372,A332,9H-TQP,0,STN,ISB,,HFY,HFM640P,0.06595227162424334,0.0,0.007947120945560748,0.0029554056550083734,0.020260511287810434,0.12061472159660586,0.0012182451100912284,43.405,25.915,0.9999301882979413,0.011753059571675698
46,347b7026,155C2F,SU95,RA-89135,0,MRV,CEE,D294,SSF,SSF94,0.5935704446181901,0.21292896270607864,0.009933901181950935,0.0,0.0,0.0,0.00047053712218437783,50.120000000000005,43.935,0.99993689113331,0.011224631195164278
47,347b70e4,E494A2,E390,FAB2854,0,LPA,CIA,BRS505,BRS,BRS505,0.05276181729939467,0.1648482291918028,0.0059603407091705606,0.06709889381936249,0.040340588469955856,-0.016904159003246048,0.001568952516411652,39.185,0.355,0.9999038101252175,0.013780743270029205
48,347b73ae,507C8F,B763,UK67010,0,OSR,TAS,C67600,MFX,MFX7600,0.021104726919757868,0.17171690540812792,0.029801703545852803,0.0,0.04907927959689277,0.0,0.0013527692266171393,41.290000000000006,33.614999999999995,0.9999184298911516,0.012700534612125308
49,347b784b,04C11C,B788,5Y-KZF,0,LHR,NBO,KQ101,KQA,KQA101,0.07914272594909201,0.05494940973060094,0.003973560472780374,0.0,0.0,0.1720276610884285,0.0008295613113373409,42.26,15.68,0.9999145299012756,0.0130477860321908
50,347b7c94,781A4B,B77L,B-220F,0,AMS,PVG,CK206,CKK,CKK206,0.013190454324848668,0.02060602864897535,0.03973560472780374,-0.006366702937644333,0.07737522977526162,0.23118522890830875,0.001024302946233873,59.51,30.38,0.9998587528993033,0.01677572812501367
51,347b7ca2,504E72,A320,ER-00008,0,RMO,LIS,5F811,FIA,FIA811,0.0,0.06868676216325117,0.0059603407091705606,0.0,0.0,0.0,0.0005793142757693518,43.695,6.630000000000001,0.9999360512104326,0.01129415267546916
52,347b7d89,3C4581,B77L,D-AALA,0,FRA,BOM,3S628,BOX,BOX628,0.010552363459878934,0.0824241145959014,0.009933901181950935,-0.06597817083441185,0.23847645942159337,0.23814114144393494,0.0005462273433481842,40.4,36.870000000000005,0.9998926323597646,0.014643271094593343
53,347b83b3,008BA5,GLEX,ZS-EKA,0,FAB,JNB,,OPM,OPM007,0.018466636054788134,0.02747470486530047,0.0059603407091705606,0.024526602119192026,0.15128248872812208,0.012432329653160571,5.891021290467218e-05,41.88,2.18,0.999919632947889,0.012677703851475496
54,347b842c,3C79C1,A320,D-ANNA,0,LPA,BER,SR3499,SDR,SDR39CJ,0.03429518124460654,0.10989881946120188,0.03774882449141355,-0.0023301458276505367,0.027637243207768274,0.06892826604806516,0.00010627038737274175,43.5,1.11,0.9998913427293886,0.014740808710006329
55,347b8550,71BE23,B748,HL7623,0,FRA,ICN,KE530,KAL,KAL530,0.026380908649697336,0.02747470486530047,0.007947120945560748,0.18091011190154174,-0.09991713746380168,-0.09844114885668474,0.0010805022607446825,43.34,29.48,0.9998677636741837,0.01622614187203266
56,347b877c,5084D1,B753,UR-SLE,0,HRG,KTW,QU9122,UTN,UTN9122,0.060676089894303877,0.1236361718938521,0.0059603407091705606,-0.04252889866695086,-0.04378968482757793,-0.027048387823751324,0.0005385015650154616,43.905,27.055,0.9999148394556627,0.013039319476893196
57,347b8bba,4CAC13,A21N,EI-KGD,0,LHR,SCO,KC664,KZR,KZR664,0.026380908649697336,0.02060602864897535,0.003973560472780374,0.02679564178630542,0.0,0.0,0.001481495334579324,44.885000000000005,25.605,0.9999043840211341,0.01374874492052918
58,347b8c6f,010250,A321,SU-TCL,0,SSH,SVO,UJ611,LMU,LMU611,0.005276181729939467,0.02060602864897535,0.0456959454369743,-0.08448625352940467,0.009778019364169844,-0.0443560015394554,0.000971366980281195,46.31,27.67,0.9999023993029218,0.013937299395875017
59,347b90de,504E61,A319,ER-SKY,0,RMO,BGY,H4483,HYM,HYS483,0.007914272594909202,0.02747470486530047,0.023841362836682242,0.03948834581151121,0.0,0.21604334467359396,0.0013334859866508636,47.09,18.155,0.9999340290552737,0.011408740176299297
60,347b91ab,738C0A,B763,4X-IAJ,0,OSL,TLV,5C602,CHG,ICL602,0.0026380908649697335,0.013737352432650235,0.003973560472780374,0.0046776862815073135,0.1779755867336922,0.1310965776459574,0.001422881241539643,45.535,20.67,0.9999140450932059,0.013033719128276226
61,347b9338,0100DE,B738,SU-GCP,0,LHR,CAI,MS531,MSX,MSR531,0.05276181729939467,0.15111087675915258,0.007947120945560748,0.027140126272066266,0.0,0.0,0.00048016723240508973,44.09,17.42,0.9999242065640706,0.012302461812287096
62,347b9642,155C1D,SU95,RA-89117,0,AER,CEE,D2364,SSF,SSF364,0.04484754470448547,0.03434338108162559,0.003973560472780374,0.24779429279226292,-0.044275248837816895,-0.027137211207137125,0.001490921870762099,53.905,42.075,0.999921158515927,0.012468115500819638
63,347b974d,4C01E7,A320,YU-APH,0,SVO,BEG,JU653,ASL,ASL653,0.03429518124460654,0.17171690540812792,0.001986780236390187,0.08477780087138315,0.021401976955212194,0.0,0.0013593471614359645,52.19,22.53,0.9999397412068045,0.010893398485479992
64,347b9bac,70C0AC,A332,A4O-DF,0,FRA,MCT,WY116,OMA,OMA116,0.015828545189818403,0.02747470486530047,0.0059603407091705606,0.01412262098138271,0.019240819457502,0.02459709264385364,0.0004495888520418,45.175,23.07,0.9999229280232756,0.012407090038489443
65,347b9dcd,4A1265,A320,YR-DSE,0,DUB,BCM,DN408,JOC,JOC408,0.013190454324848668,0.03434338108162559,0.021854582600292057,0.15661207246481154,0.17536818914906194,-0.014212740815351507,0.0010530867863036374,50.74,14.31,0.9998868701218113,0.015004598169519219
66,347b9df8,7816BD,A332,B-308P,0,BUD,TFU,3U9808,CSC,CSC9808,0.010552363459878934,0.10989881946120188,0.05364306638253505,-0.17759178315585045,-0.2746119574417961,-0.19870621283522838,9.742292481595544e-05,42.51,34.75,0.9999047480494737,0.013801642543271354
67,347b9ebf,5083DF,B738,UR-SQB,0,CDG,LXR,FT3302,SQP,FEG3302,0.013190454324848668,0.013737352432650235,0.009933901181950935,-0.10899463652717176,0.07729920039850821,-0.030279505723579115,0.0004984687121129206,41.21,16.51,0.9998993397615846,0.01417962881355421
68,347b9ed6,5100FA,E75L,EW-512PO,0,BXY,MSQ,B28748,BRU,BRU8748,0.013190454324848668,0.0412120572979507,0.03377526401863318,0.10584158625255073,0.0,0.0,6.807227086929818e-05,54.225,37.99,0.9999356978652063,0.011339995634412832
69,347b9f0b,780C5D,B77L,B-2093,0,MAD,HGH,CAO3138,CAO,CAO3138,0.05276181729939467,0.13737352432650235,0.001986780236390187,0.016908924474220467,0.303502670280185,0.0,0.0005647243875065762,51.6,12.015,0.9998660732003378,0.016355939266910213
70,347ba116,896442,B77L,A6-DDE,0,AMS,AUH,EY918,ETD,ETD918,0.0,0.02747470486530047,0.015894241891121496,0.0,0.02169439666392366,0.20126422385777912,0.0014493276641556051,43.525000000000006,27.47,0.9998881456335748,0.014886089841626383
71,347ba125,34654B,A321,EC-NLJ,0,ATH,BCN,VY8103,PVG,VLG1FB,0.03693327210957627,0.06181808594692605,0.003973560472780374,0.062418585410164665,-0.0076812517693634836,-0.005822633103096721,0.000543049350872953,40.615,13.265,0.9999191308465026,0.012705780754337615
72,347ba451,3C6568,A333,D-AIKH,0,FRA,MLE,4Y154,OCN,OCN154G,0.007914272594909202,0.07555543837957629,0.01788102212751168,-0.11941833643280968,-0.08386428638716824,-0.04998669499522033,6.329754869425072e-05,41.56,32.62,0.9999177982135259,0.012821575926328177
73,347bab6d,4BB4E4,B738,TC-MGD,0,AYT,CGN,4M605,MGH,MGH605,0.10816172546375909,0.13737352432650235,0.021854582600292057,0.0264935442992668,-0.0031107807920114283,0.004971681490996104,9.316407854635635e-05,45.03,20.57,0.9999340442539866,0.01148470558268308
74,347bac03,45C86B,A20N,OY-RCK,0,MLA,CPH,RC7125,FLI,FLI7125,0.0,0.0,0.0,0.3124844175586578,0.1442879347897297,0.019832353201976582,0.0013232190671389082,48.61,12.81,0.9999190537958224,0.012654443779453206
75,347bac21,4B8472,B744,TC-ACR,0,CDG,DOH,QR8254,RUN,QTR8254,0.021104726919757868,0.02747470486530047,0.007947120945560748,-0.02746786464905056,0.028867953098942547,0.26318494808160026,9.656635882669954e-05,44.64,23.27,0.9998929470006961,0.014631651075720793
76,347bae3e,781140,B763,B-1423,0,LGG,YNT,O37564,CSS,CSS7564,0.013190454324848668,0.006868676216325117,0.023841362836682242,0.0,0.007621047196623476,0.08748849631049155,0.000983686078421843,59.71,31.38,0.9998827846899949,0.015279045856358678
77,347baf70,43C174,C17,ZZ174,0,BZZ,,RRR6652,RRR,RRR6652,0.0,0.0412120572979507,0.021854582600292057,0.1699958313468712,0.0,0.04664530268308719,0.0005339586646029684,48.985,16.009999999999998,0.9998956384543413,0.014437004125844895
78,347bb0c1,7335B4,A343,EP-MMT,0,IST,IKA,W5115,IRM,IRM115,0.015828545189818403,0.02060602864897535,0.021854582600292057,-0.4476814063243238,-0.27824441952654944,-0.2864795771180843,6.758682855261307e-05,38.83,40.94,0.999901591210999,0.014028660867421813
79,347bb1ea,5140B3,B738,4L-GTD,0,TBS,VKO,A9930,TGZ,TGZ930D,0.6859036248921307,0.29535307730198,0.01986780236390187,0.0,0.09401731932636043,0.0,6.122000565143162e-05,48.87,44.68,0.9999267589733831,0.012102600592298767
80,347bb4fb,3CCD4B,LJ60,D-CFAX,0,TZX,BUD,IFA1065,IFA,IFA1065,0.0026380908649697335,0.21979763892240375,0.013907461654731309,0.025908166149719164,0.032689165666923085,0.02045340686997399,6.526502151470874e-05,42.94,29.02,0.9999185758932614,0.012760772863323649
81,347bb5a7,46D1F9,C650,SX-TOY,0,BQH,ATH,LLK602,LLK,LLK602,0.05276181729939467,0.02747470486530047,0.011920681418341121,-0.2808766254648936,-0.2275371626358883,-0.1797381257046086,0.0008984954385325693,44.74,14.27,0.9999242256321522,0.012277446798411057
82,347bb841,39B228,A332,F-HMRI,0,AMS,IST,TK6370,CMA,THY6370,0.005276181729939467,0.07555543837957629,0.0,0.327159354478837,0.021598377040710732,0.018894014562385788,0.001271176384351091,45.75,20.9,0.9999180591781885,0.01273809404599657
83,347bb959,730601,A343,EP-APA,0,IST,IKA,EP513,IRC,IRC513,0.007914272594909202,0.02060602864897535,0.007947120945560748,0.1305097001825656,0.12608314910167745,0.0,6.727039229220229e-05,38.59,42.05,0.999905132490345,0.01377394257865338
84,347bb9d7,503D6E,A332,LY-MAC,0,IST,TAS,HY274,UZB,UZB274,0.010552363459878934,0.06181808594692605,0.015894241891121496,0.03633275091757986,0.041197907047223405,0.09730024165158704,0.0011883657071597744,40.975,42.63,0.9999193652477066,0.012643211204814752
85,347bbace,781F03,B77L,B-223G,0,STN,CAN,CSG2532,CSG,CSG2532,0.07386654421915254,0.048080733514275824,0.011920681418341121,0.0768036947808923,0.14287327480517512,0.024003990802992474,0.0014218305735022856,60.08,20.215,0.999880853377135,0.015370668418540004
86,347bbd92,4D2302,B38M,9H-VUD,0,AGP,NRN,FR8613,MAY,RYR7BM,0.05012372643442494,0.013737352432650235,0.05761662685531542,0.03469749600299802,0.26087284129370686,0.0,0.0014870254540425862,46.575,0.3,0.9999068124421667,0.013570379030995406
87,347bbf5e,869560,B77W,JA795A,0,LHR,HND,NH212,ANA,ANA212,0.005276181729939467,0.0824241145959014,0.021854582600292057,-0.01146568236214377,-0.0030733420491818484,-0.00166230779524605,0.0011007478094436968,48.48,17.9,0.9998540981837959,0.017046134439460504
88,347bc04e,060030,A359,3B-NBQ,0,LGW,MRU,MK53,MAU,MAU53,0.10552363459878934,0.20606028648975352,0.009933901181950935,0.0036269143911240908,0.015622614349252677,0.025441177908983342,0.0009472725250283197,43.67,13.99,0.9998815404781217,0.015362541647186458
89,347bc373,4A04E2,A320,YR-AGB,0,HRG,OTP,A24105,AWG,AWG4105,0.0026380908649697335,0.013737352432650235,0.6000076313898365,0.04149378077522782,0.0,0.14374854631843992,0.0014987013605808218,39.68,25.65,0.9999215624876637,0.012434740305323407
90,347bc467,01023F,B738,SU-RSB,0,,,4S3113,RSX,RSX3113,0.015828545189818403,0.03434338108162559,0.029801703545852803,-0.05654083694422632,-0.03522701910193011,-0.0361815229063813,0.0012753075866958339,40.1,24.585,0.9999257393884062,0.012119789565345682
91,347bc57c,39B117,A35K,F-HMIX,0,ORY,RUN,BF700,FBU,FBU70A,0.023742817784727602,0.013737352432650235,0.01788102212751168,-0.009522702234490787,0.02498272113676922,0.1303764157978328,0.0005072193370465975,41.25,15.7,0.9998737468213392,0.015881849577437948
92,347bc8dd,3C56A3,A321,D-AEUC,0,FRA,IST,LH8346,GEC,GEC8346,0.05276181729939467,0.02060602864897535,0.003973560472780374,-0.02380415924685131,-0.020095093533233743,-0.015232719917228738,6.924236417822058e-05,44.78,19.91,0.9999110293736372,0.013338985810332764
93,347bcd02,781112,B789,B-7838,0,AMS,XMN,MF812,CXA,CXA812,0.005276181729939467,0.0412120572979507,0.007947120945560748,-0.20122119822940535,-0.329286244282196,-0.24960944438757643,0.0005353857193401662,57.605,21.770000000000003,0.9998676129043873,0.016262534458494363
94,347bd05b,600012,B735,EK-SHC,0,UFA,EVN,5G101,SHS,SHS101,0.039571362974546005,0.1648482291918028,0.07152408851004673,0.007993784010849282,0.22338709567491463,0.01370275918995022,0.0013603077652107416,45.14,50.47,0.9999254373731427,0.012135454540866
95,347bd330,781F74,A359,B-32EE,0,AMS,PKX,CZ346,CSN,CSN346,0.010552363459878934,0.006868676216325117,0.03377526401863318,-0.2226605873206977,-0.18796653483848744,-0.1424846106972033,6.409791672648232e-05,59.06,18.47,0.9998967585270203,0.014369000612929417
96,347bd972,7C4923,A388,VH-OQD,0,LHR,SIN,QF2,QFA,QFA2,0.03429518124460654,0.08929279081222652,0.011920681418341121,0.0,0.0,0.0,0.001461002754625083,47.67,11.91,0.9998688279312101,0.01613048053900074
97,347bdb52,731A2D,A306,EP-FQM,0,IST,IKA,QB2214,QSM,QSM2214,0.005276181729939467,0.03434338108162559,0.01986780236390187,-0.05471581345375772,-0.04504192292828184,-0.06316254538795106,0.0013217729935588317,39.045,39.73,0.9999034078300459,0.013835748119063122
98,347bdd3d,4D21E6,B738,9H-SHO,0,PRG,TLV,BZ461,BBG,BBG461,0.010552363459878934,0.013737352432650235,0.021854582600292057,0.04368045331606095,0.002779885644726914,-0.0037288900253365643,7.037469754030591e-05,44.2,21.66,0.99990716088518,0.013625881914232564
