id,icao_24bit,aircraft_code,registration,anomalous,origin_airport_iata,destination_airport_iata,number,airline_icao,callsign,turn1,turn2,turn3,deltaD1,deltaD2,deltaD3,time,latitude,longitude,altitude,ground_speed
345119eb,7583EB,B77W,RP-C7778,FALSE,MNL,BER,PR1,PAL,PAL001,4,18,18,-429.863787,-414.3128255,-415.934497,19,58.755,26.87,38000,459
3451d388,407D52,B744,G-UNET,FALSE,MCT,LHR,HC311,HGO,HGO311,3,6,1,-443.4481375,-469.3598315,-478.2327305,19.2,48.01,15.77,34000,483.6
3451e76b,,GLF5,,FALSE,,,,,GLF5,9,8,3,0,0,0,21.6,39.92,7.48,36000,429.6
3451fb8d,3E28B8,C303,D-IGPS,TRUE,,,,,DIGPS,16,15,193,0,0,0,11.33333333,50.11,9.265,4370.833333,136.3333333
345212fb,C2B3EB,C17,177703,FALSE,,,CFC3658,CFC,CFC3658,6,71,33,0,0,0,21.83333333,43.055,8.685,30166.66667,397
34522037,4AC8E7,A320,SE-RGG,FALSE,FUE,ARN,,BRX,BIX213U,13,4,3,-405.6038009,-408.1002598,-401.4462933,19,54.245,8.935,38368.75,439
34522c2a,,GLF6,,FALSE,,,,,GLF6,49,21,16,0,0,0,2.8,44.48,25.775,40752.5,430.8
34523b26,38E83B,A35K,F-WMIL,TRUE,TLS,TLS,,AIB,AIB18IL,11,1,182,387.8108298,-36.01942382,10.7472835,19.2,47.53,-2.1,37975,469.4
34525956,4AC8E8,A320,SE-RGH,FALSE,FUE,GOT,TT2521,BRX,BIX2521,12,3,6,-387.6862845,-368.1164194,-374.0304725,19.5,49.005,1.3,36008.33333,418.6666667
34525ee2,3A2E23,B77W,F-OLRD,FALSE,CDG,RUN,UU974,REU,REU974,3,1,3,-462.532976,-440.4856048,-435.9606364,19.8,41.72,12.04,30995,498.8
34526699,500194,A306,T7-ASK,FALSE,TLV,LGG,LY821,SMF,ELY821,0,1,35,-433.6811359,-432.2541213,-443.1490438,19,46.375,15.655,31493.75,471.25
34527026,781133,A332,B-8981,FALSE,HGH,LIS,JD621,CBJ,CBJ621,13,15,21,-411.0504013,-411.3133159,-836.3573055,3.636363636,54.4,9.32,36938.63636,450.1818182
34527157,44B8B9,E545,OO-NEY,FALSE,SID,BRU,,BNJ,OONEY,1,2,4,-428.5676044,-418.6255077,-418.8050861,20.16666667,42.07,-8.285,37300,428.3333333
34527392,503D17,H25B,LY-LTA,FALSE,GVA,LCA,LTC601,LTC,LTC601,3,10,7,-396.9476316,-433.69207,-413.6878122,19.2,38.22,23.41,39175,445.6
34527b53,E8021A,B763,CC-CXD,FALSE,FRA,SID,UC1501,LCO,LCO1501,8,1,3,-413.4533794,-422.8090633,-413.8566794,19,39.44,-8.96,33006.25,453.5
34527c82,150640,GL5T,RA-67136,TRUE,ISL,VKO,RSJ7136,RSJ,RSJ7136,24,9,266,-170.0116263,-43.75492251,-84.23100851,20.4,44.21,38.54,36580,478.2
34527ec4,4BB164,B77W,TC-LKD,FALSE,IST,DEL,6.00E+12,IGO,IGO012,4,17,4,-514.1707636,-504.8873375,-470.1589306,19,38.865,44.71,37000,535.25
34528670,49D283,B738,OK-TVY,FALSE,FNC,PRG,QS1171,,TVS6P7,13,21,6,-408.730465,-398.594489,-399.6958339,19.5,44.555,3.16,35350,431.1666667
34528b79,738286,A320,4X-ABI,FALSE,PRG,TLV,6H768,ISR,ISR768,12,7,13,-401.5409499,-407.7845388,-405.9451621,19.5,42.22,25.955,38991.66667,444.6666667
34529043,3A2E24,B77W,F-OLRE,FALSE,RUN,CDG,UU975,REU,REU975,2,14,3,-414.7645406,-874.1164396,-425.6339915,2.833333333,44.77,10.695,27387.5,374.5
345296f4,,GLEX,,FALSE,,,,,GLEX,19,10,2,0,0,0,20,40.8,41,39981.25,551.5
3452a08b,39A054,H25B,F-HICU,FALSE,ROB,BOD,ARL127,ARL,ARL127,3,1,12,-388.8359199,-380.8886092,-366.0532899,22.5,38.925,-4.52,37943.75,414.75
3452a0f6,495275,B763,CS-TSU,FALSE,LIS,PVG,,MMZ,MMZ609M,28,16,1,-344.4181659,-339.1371584,-351.2394544,20.7,40.895,22.755,35402.5,509.1
3452a170,,BE40,,FALSE,,,,,BE40,2,32,27,0,0,0,19,40.485,24.89,40000,377.5
3452a591,3C79C1,A320,D-ANNA,FALSE,BEY,BER,SR111,SDR,SDR11DL,3,1,4,-374.3558042,-366.3119467,-403.3393455,19.5,44.26,24.7,33175,442.6666667
3452a86b,738062,B738,4X-EKR,FALSE,WAW,TLV,LY5102,,ELY5102,1,1,10,-390.0724437,-394.5681577,-403.3678955,19.2,41.57,26.81,37000,444.8
3452afc1,781140,B763,B-1423,FALSE,LGG,YNT,O37564,CSS,CSS7564,15,5,9,-436.6697427,-438.8987337,-420.0108106,19.5,58.445,25.025,32691.66667,461
3452b5c5,,GLF6,,FALSE,,,,,GLF6,3,8,2,0,0,0,19,38.165,21.19,45000,551.75
3452b8ed,48A2B3,C525,SP-IZU,FALSE,BLQ,LBA,,BNI,BNI5U,37,14,1,-294.1460807,-260.858722,-284.1763089,19.2,48.5,4.7,35380,318.4
3452b96f,4D2122,GLEX,9H-NBB,FALSE,DWC,MAD,,,EAU53B,2,2,8,-434.7283556,-385.2625306,-402.9849892,2.111111111,39.9,13.37,33536.11111,339.8888889
3452b9f7,45209C,A320,LZ-MDI,FALSE,LIS,SOF,W64374,USW,WZZ8VL,18,9,6,-435.4912756,-457.9155489,-447.2048651,19.8,40.35,6.79,34190,482.4
3452bc4d,,F2TH,,FALSE,,,,,F2TH,28,2,2,0,0,0,19,52.065,11.505,41062.5,452.75
3452bc6c,739443,C650,4X-CZA,FALSE,CTA,AGP,,,4XCZA,3,23,40,-270.218988,-306.2086284,-347.601728,19.2,40.24,5.3,38370,397.2
3452c246,4D23AA,GALX,9H-777MF,FALSE,MAD,MAN,,LWG,LWG10I,323,3,304,-363.4386137,-344.6183534,-340.9687962,19.5,47.675,-3.15,36712.5,407.25
3452c75a,346391,E295,EC-NFA,FALSE,ZAZ,LPA,NT5449,IBB,IBB5449,13,41,2,-339.7046177,-410.5975486,-407.9932899,19,38.2,-7.74,32918.75,438
3452c775,4D21E6,B738,9H-SHO,FALSE,PRG,TLV,BZ461,BBG,BBG461,6,2,12,-365.3636326,-361.1343529,-344.9031159,19.8,42.57,22.08,36050,430.2
3452ce3e,49D03D,C56X,OK-SLX,FALSE,LCA,BEG,SUA611,SUA,SUA611,24,0,7,-325.084956,-352.3195134,-369.5269651,19.5,38.345,26.975,37931.25,381
3452d1c2,452101,B738,LZ-CXB,FALSE,OPO,LEJ,,ADZ,BCS3YK,14,3,7,-401.955568,-377.534192,-773.5528588,20.75,47.505,-0.45,30187.5,391.75
3452d2ce,43C6FA,A332,ZZ337,FALSE,TLL,BZZ,RRR2103,RRR,RRR2103,14,2,26,-329.1106801,-331.6551032,-826.0384995,21,54,14.57,28080,391.2
3452deb9,728839,B739,YI-BAY,FALSE,IST,BGW,IF222,FBA,FBA222,6,9,77,-449.2810891,-343.142562,-413.5762683,20,38.37,39.94,33337.5,509
3452e1f9,501C11,A319,9A-BTJ,FALSE,PRN,MMX,C32011,,TDR2011,30,1,1,-395.2210419,-418.5223926,-411.3691117,20,49.345,15.18,29987.5,430.25
3452e54e,424C03,GL5T,M-AMNM,FALSE,ABJ,ATH,,,MAMNM,44,20,155,-487.7089073,-487.8960343,-284.6559037,11.5,35.795,18.705,30750,412.25
3452e6b0,7816A2,B789,B-20AJ,FALSE,BUD,NGB,FM898,CSH,CSH898,61,305,17,18.51294924,-255.8720438,-443.6025735,21,57.35,20.67,34860.71429,486.1428571
3452e8ca,4.78E+29,E290,LN-WEA,FALSE,TOS,BGO,WF629,WIF,WIF629,12,3,3,-362.0330509,-351.7852259,-339.523064,20,65.14,10.675,29625,363.25
3452ea7a,,GL5T,,FALSE,,,,,GL5T,4,10,3,0,0,0,11.5,43.035,28.95,43487.5,515
3452f7ca,3E27AC,PA34,D-IGFK,FALSE,NUE,,,,DIGFK,51,233,251,0,0,0,10.44444444,49.95,9.29,3777.777778,126.5555556
3452f911,781093,B789,B-1566,FALSE,AMS,XMN,MF812,CXA,CXA812,1,13,4,-454.1315313,-895.1184101,-442.5088925,21.6,59.75,31.62,34595,482.6
34530020,4075C1,B789,G-CKWN,FALSE,SID,LGW,BY305,NBT,TOM2EJ,1,2,3,-450.4401827,-437.3781645,-428.6344163,15,42.73,-8.645,35850,462.8333333
3453024b,400F63,A346,G-ECLN,FALSE,CTU,BOH,SE601,URO,URO601,1,20,9,-334.2761896,-298.5547857,-268.2181834,5.3,43.475,27.53,37000,424.6
34530349,7000A2,A343,,FALSE,LDE,DWC,RQ5501,,KMF5501,68,4,19,-400.8862421,-384.2745328,-828.6383192,21,41.59,12.29,38800,493.4
34530467,3A3280,B789,F-OMUA,FALSE,LAX,CDG,TN8,THT,THT8,10,20,106,-469.8621454,-490.3759557,-331.9677685,5,52.945,-3.405,30231.25,447.5
3.45E+07,5110A5,SF34,ES-LSB,FALSE,FRA,VAR,AEG421,,AEG421,9,2,2,-210.9610655,-197.3495036,-403.0016873,19,45.935,21.005,23437.5,230.5
34530ddf,,GLEX,,FALSE,,,,,GLEX,21,7,6,0,0,0,3.8,46.11,-0.31,31405,385.8
345318ed,7802FE,B744,B-2423,FALSE,LGG,KGF,O37418,CSS,CSS7418,13,53,2,-395.9834412,-911.0105718,-415.214764,21.83333333,55.935,29.515,32337.5,488.6666667
345321ff,400215,GLF5,VP-CMS,FALSE,BUD,ADJ,,,VPCMS,3,10,22,-416.5538288,-891.5454384,-452.2412314,21.25,41.08,27.125,40443.75,479.75
345325a6,781783,B789,B-20D1,FALSE,MXP,CGO,HO1668,DKH,DKH1668,1,11,25,-628.7725992,-434.9893973,-445.9049115,18.5,42.915,31.67,35658.33333,531.8333333
34532630,4CC481,B744,TF-AMU,FALSE,NBO,LGG,CC2601,,ABD2601,18,3,3,-880.2984896,-443.8795736,-441.4446378,3.2,45.56,15.8,30530,451.8
3453266f,5110C8,SF34,ES-LSH,FALSE,FKB,,AEG403,AEG,AEG403,5,4,1,0,0,0,22,55.015,12.12,16337.5,224.5
345326cd,503CB4,B738,LY-BBN,FALSE,AGP,KTW,W61074,KLJ,WZZ83CS,0,1,4,-789.7116304,-403.288316,-408.5257159,22.2,45.11,9.87,35755,420.6
34532913,507C61,A320,UK32031,FALSE,TAS,VKO,HH777,QNT,QNT777,14,5,21,-359.6666652,-343.4223419,-353.3528291,11.5,52.69,45.855,31068.75,379.5
34532dc2,06E010,A333,9XR-WP,FALSE,LHR,KGL,WB711,RWD,RWD711,1,14,11,-937.9966248,-467.4322025,-423.3212222,22,40.745,5.345,29912.5,489.25
34532e1b,02A1A7,A320,TS-INH,FALSE,JED,TUN,BJ4131,LBT,LBT4131,20,2,2,-361.846083,-328.7882884,-322.5016228,5,35.58,18.35,31815,362.2
345335eb,,FA7X,,FALSE,,,,,FA7X,4,6,29,0,0,0,3.5,50.71,-2.345,38668.75,535
345336c6,,GLF5,,FALSE,,,,,GLF5,11,4,53,0,0,0,4.5,48.715,-0.15,35887.5,447.25
3453398a,780A43,A332,B-LNW,FALSE,IST,ALA,RH9484,HKC,HKC9484,6,17,70,-470.3794817,-452.805883,-386.3002182,22.5,41.94,43.665,37000,524.75
34534189,E49163,A332,PR-AIU,FALSE,VCP,ORY,AD8700,AZU,AZU8700,15,13,14,-429.795068,-434.2472122,-426.6333652,7.5,43.045,-10.505,39998,473.5
3453432d,,GL7T,,FALSE,,,,,GL7T,334,340,4,0,0,0,4.2,43.65,0.25,38200,433.4
34534340,4A9C4C,PA34,SE-GBL,TRUE,JKG,,,,SEGBL,239,276,283,0,0,0,15,59.18,15.265,2791.666667,134.3333333
345343bd,750445,A333,9M-LFC,FALSE,SAW,KUL,OD724,BTK,MXD0724,5,8,22,-460.3118901,-450.2070139,-578.2042486,22.5,38.67,44.59,37500,547.5
345344d2,70209F,B789,S2-AJY,FALSE,DAC,IST,BG305,BBC,BBC305,5,20,3,-363.1489634,-357.3777184,-364.0587791,4,39.32,41.835,36800,400.8333333
345347ac,392D6C,FA8X,F-GLLM,FALSE,NDJ,LBG,,DSO,DSO03LM,9,11,2,-403.6817235,-406.3940435,-393.9233624,1,40.425,5.835,44012.5,438.75
34534896,39C912,A35K,F-HSIS,FALSE,FDF,ORY,TX517,FWI,FWI17F,18,2,5,-472.2315706,-467.3421269,-347.8190016,4,46.76,-5.115,30075,450.5
345348d5,780C5D,B77L,B-2093,FALSE,HGH,CDG,CA3135,CAO,CAO3135,10,12,7,-438.872039,-433.2518373,-424.8869099,6.285714286,61.1,24.73,32000,478.8571429
34534cfc,801593,GL7T,VT-PRI,FALSE,BOM,LTN,,,VTPRI,15,7,5,-398.649279,-386.490314,-688.7642243,3.4,43.295,29.54,42987.5,465.8
34534d64,770591,A333,4R-ALQ,FALSE,LHR,CMB,UL504,ALK,ALK504,3,4,18,-433.541916,-397.1691056,-396.4265967,10.44444444,44.76,25.48,36555.55556,485.2222222
34534ec1,781095,A333,B-8679,FALSE,LHR,TAO,JD432,CBJ,CBJ432,4,5,2,-408.9906229,-400.6490362,-433.8297697,11.5,58.345,25.09,36996.875,453.125
34534eee,3A2E21,B788,F-OLRB,FALSE,CDG,DZA,UU976,REU,REU976,7,0,3,-469.596092,-461.0050199,-472.6062999,18,40.83,13.39,36330,528.6
34534f2c,151D73,B752,RA-73075,FALSE,VKO,HRG,ZF907,AZV,AZV907,44,46,7,-217.1835956,-385.7942665,-247.6974675,10,41.4,40.86,34142.85714,425
34534fb8,4BB0B2,A310,TC-LER,FALSE,IST,TUN,TK6459,KZU,THY6459,4,9,3,-340.9960801,-369.661491,-351.0530312,13.6,39.08,18.42,30990,369.6
3453505e,6.00E+28,A332,9XR-WX,FALSE,KGL,LHR,WB710,RWD,RWD710,0,0,0,-391.1881665,-376.2804815,-371.1705953,4.5,43.705,5.02,36270.83333,394.1666667
345351d0,4D0290,LJ45,LX-RSQ,FALSE,BQH,AGP,,LRQ,LRQ119J,0,30,7,-416.7295081,-401.5630823,-385.4905235,22.5,41.405,-0.195,34600,440.5
34535587,39B10B,A35K,F-HMIL,FALSE,PTP,ORY,TX541,FWI,FWI41D,21,1,1,-474.9432299,-469.7645088,-445.1031885,4,46.4,-7.14,31263.5,484
3453575e,7814C4,A333,B-302E,FALSE,LHR,SZX,ZH9068,CSZ,CSZ9068,3,5,5,-409.5398963,-409.4690734,-433.528817,11.5,57.805,22.71,35034.375,459.875
34536724,347555,A332,EC-OAP,FALSE,VRA,WAW,PU942,PUE,PUE942,12,0,5,-509.4661467,-489.7844992,-459.9131671,5.5,51.925,0.71,39900,488.5
345367ab,700017,B735,YA-FGA,FALSE,SVO,KBL,FG708,AFG,AFG708,53,1,3,-221.9648522,-314.0951893,-458.5958093,22.5,54.255,42.54,24750,350.5
34536970,347258,A320,EC-NTU,FALSE,ORN,MRS,V72659,VOE,VOE2659,8,1,100,-381.1325605,-357.5425736,-218.181561,22.5,40.15,3.37,19075,275.5
34536c08,780630,B77L,B-2079,FALSE,CDG,SZX,I98818,HLF,HLF8818,258,24,22,-5.074539778,-355.1866586,-421.2066885,10.44444444,56,17.2,26894.44444,409.1111111
34536f15,502D20,DA40,YL-PAD,FALSE,VNT,,,,YLPAD,6,117,48,0,0,0,17,56.96,22.605,4918.75,96.5
34536ff9,,FA7X,,FALSE,,,,,FA7X,2,0,7,0,0,0,7.142857143,44.04,17.54,37932.14286,437.7142857
34537075,AE2BFF,H60,166588,TRUE,ROZ,,SN21,,SN21,237,259,121,0,0,0,13.6,36.68,-5.98,5800,111.2
345371f7,3CCE70,B350,D-CFME,TRUE,ZRH,ZRH,,FCK,FCK1EL,170,14,1,-3.791802623,-6.975865661,-0.735775615,13.6,47.48,8.56,3765,174.8
34537706,49D03D,C56X,OK-SLX,FALSE,BEG,LTN,SUA612,SUA,SUA612,11,23,4,-387.5010616,-391.7590447,-382.8283411,13.6,50.14,11.9,31895,411.2
34537892,3E3A1D,C510,D-INEZ,FALSE,DEB,GRQ,,,DINEZ,8,7,3,-301.6139389,-336.3677273,-331.9605294,13.6,51.06,13.95,25610,267.4
34537a32,,GLF5,,FALSE,,,,,GLF5,253,15,19,0,0,0,8.333333333,44.61,25.13,36450,451.6666667
3.45E+43,,GLF6,,FALSE,,,,,GLF6,5,3,21,0,0,0,4,53.555,-4.15,40437.5,530.25
34538085,,GA6C,,FALSE,,,,,GA6C,11,2,14,0,0,0,4.5,44.205,-7.07,36101,511.5
34538155,4C484C,C25M,YU-SCM,FALSE,BEG,PMI,,,PNC4M,3,2,7,-317.5318053,-321.7287926,-324.663905,9.4,41.53,11.11,34495,327.4
34538316,49D283,B738,OK-TVY,FALSE,PRG,TLV,QS1286,,TVS86L,26,1,10,-349.5419615,-380.3698614,-395.4990562,7.142857143,41.33,24.84,32210.71429,432
345383a2,,GLF6,,FALSE,,,,,GLF6,10,10,3,0,0,0,6,41.095,4.585,45500,536.75
345387cc,4B9C61,A321,TC-GCA,FALSE,IST,,B5111,BBT,BBT111,13,34,50,0,0,0,0.5,38.775,40.5,34012.5,517.25
345388d2,501C11,A319,9A-BTJ,FALSE,MMX,PRN,C32012,,TDR2012,0,4,18,-363.73361,-370.0606738,-355.8596844,9.4,48.3,15.73,28605,395.4
34539139,346045,A332,EC-MYA,FALSE,MAD,MVD,IB6011,,IBE6011,134,6,2,-112.6657274,-400.8202612,-391.6945969,9.4,38.05,-9.14,25800,347.8
345392b7,,GLF6,,FALSE,,,,,GLF6,2,4,2,0,0,0,5,42.14,15.53,41395.83333,441.8333333
34539557,4D2475,B738,9H-KAR,FALSE,BCN,TLV,BZ251,BBG,BBG251,8,4,5,-464.933686,-464.4514185,-476.8623089,4.5,38.42,19.07,36666.66667,499.8333333
3.45E+05,,GL5T,,FALSE,,,,,GL5T,8,20,9,0,0,0,6,45.72,-4.77,43918.75,517.75
34539ed4,4A1A61,B744,YR-FSA,FALSE,SHJ,MST,NJ3309,RCR,RCR3309,30,19,3,-719.565497,-357.8123466,-363.4387221,4,43.255,28.275,33750,449.625
3453a0e8,4BB0F2,A359,TC-LGR,FALSE,IST,CGK,TK56,,THY056,165,9,6,-191.7657308,-504.533042,-501.1499289,5,39.81,36.73,26880,449.8
3453aaec,C2B5AD,C30J,130614,TRUE,,,CFC2591,CFC,CFC2591,4,7,138,0,0,0,0.5,49.4,-3.8,19212.5,307
3453ad32,155C02,SU95,RA-89090,FALSE,LED,NYM,YC878,LLM,LLM878,33,14,16,-337.7823819,-400.3522767,-387.9800928,0.5,61.035,40.405,28956.25,381
3453b03e,700001,A343,YA-KAA,FALSE,MED,,RQ7181,KMF,KMF7181,1,42,18,0,0,0,5,35.545,5.925,40000,411.25
3453b11c,4CC54B,B744,TF-AKE,FALSE,SHJ,LGG,CC4300,,ABD4300,21,18,5,-351.3390248,-366.9080636,-429.8191379,4.714285714,44.81,24.89,34003.57143,448.8571429
3453b29c,155BDA,SU95,RA-89050,FALSE,VKO,,4G415,GZP,GZP415,0,10,5,0,0,0,0.5,59.65,43.295,30125,387
3453b3e6,4D2103,CRJ2,9H-JOY,FALSE,LTN,ISL,,AXY,AXY905G,96,0,4,-383.242906,-418.5746512,-390.7430248,1.428571429,47.21,14.51,23078.57143,325.1428571
3453b485,495CD0,A333,CS-WFP,FALSE,MAD,BLR,3P9715,WFL,WPT9715,230,1,17,-326.1162721,-473.481724,-465.1039604,0.8,40.49,5.88,28540,416.8
3453b5f5,4CC55E,B744,TF-AMK,FALSE,RUH,FRA,SV925,,SVA925,1,14,3,-414.2155657,-429.3052518,-448.606855,4.5,44.285,19.425,31341.66667,431.6666667
3453b66e,151FDC,A320,RA-73692,FALSE,DME,SLY,YC32,LLM,LLM32,2,18,6,-356.1947174,-387.5669426,-385.8492214,1,59.95,43.99,29137.5,397.25
3453b8c6,A6E3E6,MD11,N543JN,FALSE,NSY,ROZ,KD187,WGN,CMB187,2,32,3,-366.0951784,-373.0328362,-409.3296125,1,38.675,5.81,34743.75,431.25
3453b94d,A451CB,B763,N378CX,FALSE,MIA,,M6475,AJT,AJT475,37,21,2,0,0,0,8.75,53.25,4.275,37000,467.25
3453c176,452086,A320,LZ-BHL,FALSE,SOF,NIM,8H7001,UBD,BGH7001,63,21,1,-310.8616304,-350.2041209,-339.0761409,1,39.95,18.51,28400,338
3453c1f0,E48F63,E35L,PP-LEG,FALSE,YHZ,GVA,,,PPLEG,5,4,53,-440.7166433,-413.1276726,-379.4667249,5,51.865,-2.765,37506.25,509.5
3453c319,18087,A319,5A-WLB,TRUE,IST,MJI,YL101,LWA,LWA101,16,91,19,-36.53182463,-109.0369287,-356.5912467,1,36.455,29.125,27675,362.25
3453ca0a,424502,B738,VQ-BHE,FALSE,DYU,IST,SZ103,SMR,SMR103,1,3,4,-344.5275126,-325.5400411,-322.7396345,4.5,40.05,41.61,36000,371
3453cacd,,GLEX,,FALSE,,,,,GLEX,4,11,9,0,0,0,7.5,40.67,-8.055,43842.75,492
3453cc14,80165C,B38M,VT-BXN,FALSE,KEF,KWI,IX4,,AXB004,22,8,25,-361.8498962,-705.911234,-418.1245825,4.5,47.25,18.38,40000,468.75
3453d332,68332C,B39M,UP-B3740,FALSE,ALA,SVO,DV809,VSV,VSV809,4,8,279,-364.7271277,-346.0235518,-231.9609254,4.5,53.58,42.385,28256.25,368
3453d5ae,,FA7X,,FALSE,,,,,FA7X,6,15,8,0,0,0,7,53.16,-4.84,43000,487.25
3453d6e4,4D24A9,B744,9H-AKJ,FALSE,JED,MXP,SV3045,,SVA3045,2,3,7,-397.2931819,-409.2174121,-430.7815348,4.8,39.96,18.1,35035,434.4
3453dae4,,GLF6,,FALSE,,,,,GLF6,5,7,5,0,0,0,6.5,49.53,-4.475,41037.5,522.5
3453dbc3,0100A2,A332,SU-GCE,FALSE,CAI,BRU,MS520,MSX,MSR520,1,13,17,-799.0287682,-409.2720733,-417.5727228,3.5,46.265,17.995,36520.83333,433.6666667
3453dcd6,4A9C4C,PA34,SE-GBL,TRUE,NYO,,,,SEGBL,64,131,103,0,0,0,2.25,59.145,15.135,3375,138.25
3.45E+69,4BB164,B77W,TC-LKD,FALSE,DEL,IST,6.00E+11,IGO,IGO011,11,14,3,-348.8900995,-347.1264679,-363.8911901,6.5,39.3,41.96,33666.66667,394.3333333
3.45E+86,32000E,A139,MM81815,TRUE,,,,,POLI109,180,6,34,0,0,0,2.25,37.525,13.78,2943.75,66.5
3.45E+164,,A124,,FALSE,,,,,A124,24,1,2,0,0,0,2.833333333,37.7,22.835,28520.83333,455.8333333
3453e7cf,4BB165,B77W,TC-LKE,FALSE,BOM,IST,6.00E+17,IGO,IGO017,4,6,14,-351.0582584,-351.0813675,-360.8003997,6.5,39.1,42.825,33333.33333,397.8333333
3453ec91,,A124,,FALSE,,,,,A124,18,8,3,0,0,0,3.5,37.365,24.21,26995.83333,403.6666667
3453f514,0701A1,A339,6V-ANB,FALSE,DSS,JED,HC409,SZN,SZN409,22,4,24,-382.4430063,-464.5894668,-435.6114454,6,34.745,15.005,38993.75,526.75
3453f5c8,407C5E,A333,G-EODS,FALSE,TAS,STN,ZT288,,AWC288,14,19,17,-338.3961859,-278.833877,-285.5771366,6.222222222,42.06,33.13,34222.22222,430.7777778
3453f75b,4C484C,C25M,YU-SCM,FALSE,PMI,BEG,,,PNC4M,175,2,6,-644.4994216,-374.6101664,-373.2725189,3,42.075,12.1,27356.25,345
3453f875,452130,B738,LZ-CGD,FALSE,CGN,CLJ,CGF1808,CGF,CGF1808,30,4,4,-346.6229723,-378.6707393,-381.8414766,4,49.42,14.305,26256.25,349.75
3453f965,AE6828,P8,,TRUE,,,,,,51,40,251,0,0,0,3,42.025,24.42,22218.75,398
3453fb5e,01025F,B738,SU-RSA,FALSE,SSH,NQZ,4S5213,RSX,RSX5213,25,36,28,-351.0851409,-465.6397855,-422.5549204,3.8,40.63,39.54,35400,489.8
3453fd62,4D24FE,A332,9H-HFJ,FALSE,DSS,CDG,HC403,HFY,SZN403,2,20,31,-425.3061275,-402.1811701,-392.305506,6,41.28,-4.925,38000,452
3453fff9,7609A8,B772,AP-BMH,FALSE,ISB,IST,PK705,PIA,PIA705,16,8,3,-367.9013165,-344.9952813,-348.3332743,6.2,40.2,41.98,38000,398.2
3454001e,778822,A320,YK-BAB,FALSE,SHJ,BEN,SAW351,SAW,SAW351,4,2,70,-373.2256623,-316.8014837,-310.524639,3.5,34.87,26.43,33500,413.25
34540098,4D238A,E550,9H-KFX,FALSE,DOH,SIR,,LXJ,FJO65K,2,7,8,-367.4254586,-384.8719192,-803.9303069,8.4,38.61,21.03,43350,421
3454016a,507C96,B763,UK67015,FALSE,TAS,MAD,C67609,MFX,MFX7609,7,6,1,-340.6130622,-325.8526816,-332.3861587,7.083333333,40.7,28.305,32708.33333,399.9166667
34540681,1.51E+26,B738,RA-73252,FALSE,NSK,DME,Y7106,TYA,TYA106,6,1,75,-429.5304884,-400.9479833,-347.5061586,5,59.565,43.035,31162.5,423.25
3454089c,0100F6,B738,SU-BPZ,FALSE,EVN,,AMV2113,AMV,AMV2113,17,32,23,0,0,0,3.5,38.2,36.22,38500,333
345408ab,71C517,B789,HL8517,FALSE,ICN,BCN,YP5245,APZ,APZ5245,49,6,10,-271.4672793,-356.9578069,-331.7679029,13.5,41.27,32.27,39590,414.9
34540990,3462C8,A332,EC-NEN,FALSE,SCL,BCN,IB2606,,IBE2606,22,3,32,-436.2869007,-426.923404,-415.2431203,14,37.41,-6.55,39500,472.75
34540a91,154C83,T154,RA-85123,FALSE,,,RFF7321,RFF,RFF7321,31,16,3,0,0,0,4,44.775,47.87,35268.75,525
34540b57,347459,A332,EC-NZJ,FALSE,MAD,RMS,,PVG,PVG685P,1,22,79,-359.0228303,-346.0346235,-300.9567273,4,47.515,1.615,28918.75,369.25
34540c3e,505CF5,B738,OM-EDI,FALSE,LEJ,VNO,ED5960,AXE,AXE5960,22,4,129,-233.6299698,-389.0421968,-304.826205,4.5,53.12,17.865,19406.25,252.75
34541167,780C5C,B77L,B-2092,FALSE,PVG,MXP,CAO3117,CAO,CAO3117,10,2,10,-421.0476378,-405.9622575,-400.8248525,12.71428571,58.53,24.15,34146.42857,474
345411d2,4A2AAC,A320,YR-JUL,FALSE,CRA,,,JOC,JOC90T,12,13,1,0,0,0,4,38.61,28.91,36993.75,436.25
3454143d,4CA1B2,B738,EI-DAC,FALSE,FCO,,,,,81,12,28,0,0,0,4.75,41.245,7.75,18231.25,255.25
34541464,5110C8,SF34,ES-LSH,FALSE,EBJ,FKB,AEG403,AEG,AEG403,94,0,9,-154.2323322,-201.2770151,-206.303483,3.8,52.28,8.81,12600,139.8
345417ae,,F2TH,,FALSE,,,,,F2TH,3,40,5,0,0,0,6.833333333,39.885,33.91,42000,396.5
345419d7,32000F,A139,MM81817,TRUE,BRI,,,,POLI110,32,199,16,0,0,0,4,40.645,17.72,1262.5,89.5
3.45E+06,151FD6,A330,RA-73686,FALSE,VKO,AER,F7301,RSY,RSY301,38,5,44,-239.770045,-325.452362,-50.18673942,4.5,46.195,43.835,34600,457.3333333
34541c6e,155BDE,SU95,RA-89054,FALSE,VKO,,4G251,GZP,GZP251,3,10,5,0,0,0,4,59.875,43.78,30737.5,389.5
34541d15,3C78E2,CL60,D-ANGB,FALSE,RUH,CGN,,MHV,MHV64B,2,5,8,-382.0687496,-408.1153116,-842.9441711,8,39.835,20.865,37512.5,432.25
34542166,,E35L,,FALSE,,,,,E35L,18,16,268,0,0,0,5.833333333,44.445,44.3,32833.33333,379.3333333
3454265d,4CAC66,B738,EI-AZE,FALSE,MXP,KTW,ABR231,,ABR231,293,3,5,-181.2891882,-402.295595,-336.467315,4.5,47.235,13.315,21643.75,287
3454266a,155C1D,SU95,RA-89117,FALSE,LED,UCT,D2323,SSF,SSF323,226,14,7,-327.7302762,-392.144665,-377.86454,4.5,61.11,39.55,27193.75,351
345426c4,4CAC65,B738,EI-AZD,FALSE,BCN,LGG,ABR2201,,ABR2201,353,0,133,-295.2431052,-275.01478,-277.2657553,5,47.715,1.775,30631.25,329.25
34542882,49D283,B738,OK-TVY,FALSE,TLV,PRG,QS1287,,TVS87M,0,14,2,-372.4993025,-376.9024242,-403.6578044,5.5,43.155,26.155,35195.83333,432.8333333
34542bd2,4B012E,AT72,HB-ALQ,FALSE,DUB,MST,XM359,IMX,IMX359,40,9,1,-232.3291191,-250.3521627,-265.2193903,4.5,52.18,-1.065,17962.5,269
34542bea,151D44,A21N,RA-73028,FALSE,DME,SBT,0.00E+00,NWC,NWC9051,55,42,7,-71.27514074,-326.6350611,-377.7619046,4.8,58.55,41.04,23540,296.6
3454373c,452122,BCS3,LZ-LON,FALSE,SOF,CDG,FB431,LZB,LZB431,111,3,5,-135.6508827,-397.7120284,-397.2655592,6,44.45,17.18,28025,341.6
3454389e,507C5D,A320,UK32030,FALSE,SKD,IST,HH571,QNT,QNT571,2,6,2,-344.9317557,-321.8505774,-300.1439224,7.2,41.52,44.89,35630,348
34543ace,505CEA,B738,OM-GTJ,FALSE,OTP,BCN,W43175,RLX,WMT91FA,6,3,4,-395.1850535,-405.5922106,-391.8553054,5.8,44.41,15.47,32005,427.4
34543af0,,GL7T,,FALSE,,,,,GL7T,26,41,1,0,0,0,6.714285714,48.47,11.34,35692.85714,439.2857143
34543b19,7812BE,B789,B-1356,FALSE,XMN,AMS,MF811,CXA,CXA811,8,11,0,-446.0281717,-419.0165076,-430.3185424,14.2,60.08,31.62,35990,475.2
34543b28,4643C5,PC12,OH-ZRH,FALSE,BCN,LEJ,,FSF,FSF100A,24,5,9,-191.9671008,-192.3336701,-215.5476529,6.2,43.96,7.91,24800,252.2
34543bf3,683297,B738,UP-B3731,FALSE,NQZ,LED,DV821,VSV,VSV821,1,15,48,-369.1234828,-332.4974323,-284.9696652,7,55.915,43.405,36000,413.25
34543cc2,730601,A343,EP-APA,FALSE,IKA,IST,EP510,IRC,IRC510,2,21,2,-344.1041911,-344.9961676,-712.2470487,6,39.09,43.02,33845,389.8
34543ccc,AE6828,P8,,TRUE,,,,,,127,1,0,0,0,0,8.285714286,44.79,29.26,27857.14286,385.5714286
34543d28,,GL7T,,FALSE,,,,,GL7T,4,11,2,0,0,0,7,41.45,19.495,44006.25,528.25
3.45E+07,452121,BCS3,LZ-PAR,FALSE,SOF,AMS,FB461,LZB,LZB461,5,19,5,-413.5315257,-398.9054812,-399.7115106,6,47.52,17.24,34706.25,435.75
34544642,507C8E,B763,UK67009,FALSE,OSR,TAS,C67676,MFX,MFX7676,18,25,17,-102.0217656,-247.1387244,-342.7853051,7.285714286,41.15,30.02,34896.42857,475.1428571
345447a2,4D21E6,B738,9H-SHO,FALSE,TLV,BCN,BZ252,BBG,BBG252,5,2,12,-370.4402236,-348.3383399,-341.841211,7,36.55,21.09,36333.33333,395.1666667
345447c0,150648,CRJ2,RA-67144,FALSE,,,,RLU,,4,0,3,0,0,0,6,61.075,50.77,32056.25,337.5
3454491e,45C86B,A20N,OY-RCK,FALSE,BLL,XRY,RC7200,FLI,FLI7200,6,9,7,-402.6031952,-430.6723016,-432.8792665,6.5,47.245,1.465,35029.16667,442.1666667
3454491f,45209C,A320,LZ-MDI,FALSE,SOF,BSL,W64323,USW,WZZ117,27,4,25,-403.9899548,-413.2075336,-393.4034603,6,45.12,16.4,25362.5,403.75
34544984,151D73,B752,RA-73075,FALSE,HRG,VKO,ZF908,AZV,AZV908,315,17,13,-317.11167,-317.6936945,-125.8531372,8.125,42.775,40.725,35543.75,452.25
34544b16,467891,PC12,PI-02,FALSE,JYV,,FNF166,FNF,FNF166,0,1,331,0,0,0,6,66.02,25.82,22287.5,245
34544b3f,501DC4,DH8D,9A-CQC,FALSE,ZAG,BRU,OU456,CTN,CTN456,5,25,15,-178.6283094,-263.7996257,-274.5951585,6,48.115,13.455,18000,223.75
34544bcd,728644,A320,YI-ARD,FALSE,NJF,IST,IA219,IAW,IAW219,47,6,1,-302.2749873,-352.791212,-355.5241772,6.5,38.59,39.16,35975,381.5
3.45E+08,44B4A4,LJ45,OO-MED,FALSE,LGG,PFO,,,OOMED,163,7,2,-399.0930046,-430.771409,-427.8907263,6.714285714,44.75,19.78,37207.14286,430.2857143
3.45E+35,45AA50,A320,OY-JRP,FALSE,SHJ,IST,G9321,DTR,ABY321,2,42,3,-302.1592211,-287.7392481,-684.350714,8.4,39.02,43.61,35385,371.6
34544f4d,,GLF6,,FALSE,,,,,GLF6,1,11,3,0,0,0,7,44.85,16.285,40304.16667,528.5
34544f7b,4CC579,B738,TF-BBY,FALSE,BLL,KEF,BO6810,BBD,BBD6810,5,21,9,-401.4053134,-411.6280988,-408.7705593,6.5,61.09,-1.425,38000,445
34544fd4,4D02E0,PC24,LX-PCG,FALSE,PSA,LCY,,JFA,JFA86D,10,14,50,-322.805985,-308.3539121,-270.5131947,7,47.535,6.42,35225,355.25
3454501d,008BA5,GLEX,ZS-EKA,FALSE,JNB,FAB,,OPM,OPM007,2,9,21,-412.3601188,-802.4093429,-389.1338404,15.75,42.905,5.11,41575,437
3454505c,,CL60,,FALSE,,,,,CL60,27,8,14,0,0,0,9,44.48,25.86,37555.55556,421.3333333
3454549e,4400B0,C55B,OE-GLL,FALSE,LNZ,BIO,JFL167,JFL,JFL167,1,22,2,-330.0838661,-342.7084287,-350.4080764,6.5,46.665,6.97,35243.75,359.5
34545542,452087,A320,LZ-BHM,FALSE,EBL,DUS,UD437,BGH,UBD437,293,15,5,-350.4756905,-364.9893071,-361.9768525,7.625,41.55,30.51,31121.875,419.125
34545591,3008D2,GLEX,I-WLFZ,FALSE,LIN,EWR,SIO231,SIO,SIO231,3,20,0,-355.2284146,-398.7441008,-393.2306524,7.2,52.04,-2.46,42400,446.6
345455a4,3461CE,A319,EC-NDG,FALSE,TLS,XFW,V77346,VOE,VOE7346,330,39,20,-275.4879018,-339.8919458,-367.4664769,6.5,47.905,2.58,30500,360.25
345456a1,14FC09,T204,RA-64521,TRUE,VKO,,RSD987,RSD,RSD987,10,17,234,0,0,0,8.25,55.69,44.775,30800,420
3454586a,4BB961,GLF4,TC-NKA,FALSE,SAW,FAB,,EAJ,EAJ01,6,11,2,-405.0376564,-407.8028653,-401.5807024,7.5,46.365,19.5,43000,439.75
345458d7,06A1D0,GLF6,A7-CGL,FALSE,ISL,,QE530,QQE,QQE530,9,9,29,0,0,0,8,39.49,38.47,36962.5,546.5
34545abe,4A5243,CL30,YR-TRC,FALSE,AKX,,TOY226,TOY,TOY226,25,46,17,0,0,0,7.5,41.945,48.195,42087.5,397
34545c12,424B71,F900,M-CPAY,FALSE,DXB,STN,,,MCPAY,16,3,10,-312.6419144,-330.6251113,-343.0094252,11.22222222,44.39,25.36,39994.44444,417.4444444
34545cfe,3E1DCB,C25A,D-ICMD,FALSE,ZQW,FAO,,,DICMD,15,2,1,-353.2647907,-384.4793188,-353.7465078,7.2,42.9,-0.3,40865,388.4
3.45E+64,503D6F,A320,LY-HMD,FALSE,VNO,HRG,HN2861,HST,HST2861,55,27,2,-296.4494518,-350.5225956,-372.7698323,7.5,45.765,23.545,32516.66667,429.3333333
34545f23,4D2494,A320,9H-MLZ,FALSE,MLA,AMS,KM394,NVD,AMC394,1,2,6,-389.8306204,-376.9984433,-372.9751012,7.5,43.295,12.035,36000,424.25
3454601d,440028,C55B,OE-GPS,FALSE,INN,ALC,,TYW,TYW846S,9,25,20,-362.6485088,-380.2329681,-367.0442451,7,42.815,5.325,33950,394.5
345460c0,501C0C,B738,9A-ABC,FALSE,AMS,FUE,HV6705,EZZ,TRA75C,2,15,10,-387.2176704,-403.3568707,-409.6079387,7.8,43.8,-4.95,36600,435.8
34546136,15770E,IL96,RA-96014,TRUE,VKO,,RSD982,RSD,RSD982,10,10,185,0,0,0,9,55.85,44.53,31450,433
345461dd,733490,A310,EP-MDP,FALSE,MHD,IST,B99735,IRB,IRB9735,0,10,0,-350.7704731,-312.2659587,-704.5506611,8,37.98,44.505,33975,391.5
345462b2,39ADEC,F2TH,F-HLPM,FALSE,CFE,OTP,,BIB,FHLPM,0,21,4,-392.4862712,-400.6937463,-419.4067071,7,44.685,11.505,34462.5,430.5
3454646f,70209B,B788,S2-AJV,FALSE,ZYL,MAN,BG207,BBC,BBC207,13,15,3,-364.3519588,-350.2403778,-348.3723903,14.36363636,41.99,33.5,39079.54545,426.3636364
34546654,39A64B,C25B,F-HJSL,FALSE,RNS,NAP,,IXR,IXR612J,36,27,2,-361.5973713,-398.6043721,-389.4983422,7.5,44.6,6.915,38518.75,434
34546664,4400D0,ASTR,OE-GBD,FALSE,TZX,VIE,TYW434,TYW,TYW434,5,22,4,-346.2229907,-371.9029567,-408.5395817,7.5,42.91,30.32,38918.75,397.75
34546b9d,42,0,0,FALSE,TBS,,HMJ225,,HMJ225,24,20,1,0,0,0,7.5,41.69,39,34987.5,363
3454711f,0100A2,A332,SU-GCE,FALSE,BRU,AAC,MS521,MSX,MSR521,20,2,4,-451.3567999,-882.6837695,-444.5411076,9.333333333,41.13,22.245,37595.83333,488.1666667
34547242,78007E,B744,B-2475,FALSE,CTU,AMS,CA1023,CAO,CAO1023,6,12,4,-443.5946448,-393.0716075,-451.4411452,15.16666667,60.005,31.07,34000,470.6666667
34547477,,A124,,FALSE,,,,,A124,1,35,17,0,0,0,9,41.22,22.9,32365,420.2
345474fd,3CC9AB,LJ35,D-CDRF,FALSE,FKB,,1I112,AMB,AMB112,12,8,15,0,0,0,8,44.25,16.31,40575,443
34547667,3CD950,LJ35,D-CJPG,FALSE,CGN,LPA,QAJ5,QAJ,QAJ5,14,5,15,-380.6294361,-368.8583787,-780.0784549,8.666666667,42.56,-6.22,38337.5,413.5
34547691,4BD189,B738,TC-TLI,FALSE,EBL,DUS,IA233,IAW,IAW233,1,1,0,-664.2793319,-417.8760902,-418.7231527,9.6,45,25.07,35600,436.2
345477c8,1F1D5B,MC23,73051,FALSE,,,,,73051,81,34,2,0,0,0,9.555555556,55.08,40.24,35666.66667,442
3454782c,70209F,B789,S2-AJY,FALSE,IST,YYZ,BG305,BBC,BBC305,5,6,23,-462.1338341,-906.0181323,-454.9066978,9.571428571,55.05,6.64,34267.85714,478.1428571
3.45E+09,43C6F7,A332,ZZ334,FALSE,BZZ,AKT,RRR2302,RRR,RRR2302,0,33,4,-429.5922473,-808.2329266,-428.5521699,9.333333333,45.95,21.415,41000,473.3333333
34547a1b,347459,A332,EC-NZJ,FALSE,RMS,JFK,P66985,PVG,PVG6985,28,11,8,-353.7313332,-341.9531455,-757.5041414,8,52.22,-0.42,35200,388.75
34547a97,452033,A320,LZ-LAG,FALSE,HRG,DUS,H68283,BUC,BUC8283,8,2,14,-801.44561,-412.7604505,-419.803822,9.6,45.47,19.43,34790,446.6
34547b17,500388,GL7T,T7-MAHA,FALSE,SHJ,LBG,,,T7MAHA,46,12,19,-340.9332614,-404.2576449,-398.4420923,11.22222222,42.45,29.9,42991.66667,463.4444444
34547b5c,,GA6C,,FALSE,,,,,GA6C,8,27,2,0,0,0,8.75,38.49,17.44,38750,539.5
34547b68,780A13,A332,B-LNZ,FALSE,ALA,MXP,RH358,HKC,HKC358,49,6,4,-215.097258,-326.3841807,-292.9877345,12.5,42.55,33.99,37000,404.5
34547bb4,70804D,,,FALSE,,,,,,3,262,188,0,0,0,12.375,34.625,26.24,31543.75,413.375
34547c1f,477FF3,C17,08-2003,FALSE,WRO,,,BRK,BRK78,16,24,50,0,0,0,12.33333333,41.09,28.05,35250,440.5555556
34547dac,770590,A333,4R-ALP,FALSE,CMB,LHR,UL503,ALK,ALK503,41,11,12,-349.0450025,-380.8052433,-351.4111088,15.75,43.47,28.17,37500,428.625
34547eeb,,GLF5,,FALSE,,,,,GLF5,26,19,12,0,0,0,9.333333333,41.64,19.025,42433.33333,497.5
34547fc6,02A1A6,A320,TS-ING,FALSE,TUN,LGW,BJ844,LBT,LBT844,9,4,6,-362.1896805,-692.2869952,-325.3588582,8.75,44.245,6.58,36843.75,373.75
34548038,424502,B738,VQ-BHE,FALSE,IST,DYU,SZ104,SMR,SMR104,13,25,21,-936.3507871,-492.3015327,-478.4983291,9.25,40.01,44.37,32262.5,531
3454806d,4D23EC,A320,9H-MLO,FALSE,MLA,LGW,KM116,NVD,AMC116,2,1,18,-723.8332222,-334.4411947,-315.9940344,9.6,45.03,6.12,34820,368
3454814c,06A1C6,GLF6,A7-CGA,FALSE,FAB,LCA,QE723,QQE,QQE723,26,12,8,-480.0527794,-948.9562061,-469.6200082,9.333333333,43.3,19.345,42741.66667,527
34548272,,GLF5,,FALSE,,,,,GLF5,4,20,2,0,0,0,10,59.49,-0.085,42250,466.5
345483d1,151DB9,73H,RA-73145,FALSE,VKO,AER,UT267,,UTA267,52,98,9,-482.1589165,-252.087402,-316.3748747,9.25,44.195,44.165,35075,417.75
345483fa,407D52,B744,G-UNET,FALSE,LHR,HKG,HC211,HGO,HGO211,5,26,17,-695.7758356,-208.943187,-322.6777118,10.375,43.625,28.47,36500,516.375
34548901,4C8085,A320,5B-DDK,FALSE,TLV,VNO,U81456,CYF,CYF1456,24,0,328,-361.1122336,-406.05646,-372.676988,10.2,43.91,23.2,36000,443
34548941,,GL7T,,FALSE,,,,,GL7T,20,45,6,0,0,0,12.4,40.225,22.315,45920,452.4
345489c7,4CC4C5,B744,TF-AMN,FALSE,HHN,NBO,,,ABD321P,9,6,20,-921.4084566,-441.2864245,-449.1855048,9.25,40.08,18.865,41000,503
345489ea,3CF62A,LJ45,D-CUNI,FALSE,MST,AGA,UNI137,UNI,UNI137,25,9,13,-813.7439535,-398.6536427,-402.0572748,9.25,39.935,-0.16,41000,443.25
34548b04,4A2181,B738,YR-HLA,FALSE,BER,HRG,6Y305,AEZ,ART305,3,2,11,-781.6660179,-402.7943912,-392.4922933,9.6,41.57,24.1,36200,424.4
34548c5c,142AF8,GLF6,RA-11000,FALSE,VKO,ISL,,,RLA1110,9,128,12,-89.03087074,-43.24061222,-399.35085,9.833333333,42.365,41.815,42666.66667,490.8333333
3.45E+99,,GLF5,,FALSE,,,,,GLF5,24,2,10,0,0,0,13.22222222,44.18,13.2,43000,441.5555556
3454912c,424B6D,H25B,M-YIGO,FALSE,TLV,BUD,,,MYIGO,0,30,24,-360.1613879,-380.6867681,-392.9637978,10.5,40.24,25.07,40000,423.25
3.45E+12,,GLF6,,FALSE,,,,,GLF6,2,12,4,0,0,0,11,41.3,17.55,42708.33333,469
345492c6,406CDD,A320,G-POWM,FALSE,LGW,BJL,ZT791,AWC,AWC791,8,1,1,-420.7813886,-416.2481608,-407.952232,10,41.18,-6.75,34506.25,447.75
34549346,600018,A321,EK-AAD,FALSE,EVN,SVO,JI102,AAG,AAG102,18,11,2,-321.4693259,-341.4649994,-363.0818364,10,48.615,44.755,33000,388
34549475,708045,,,FALSE,,,,,,61,237,48,0,0,0,12.25,34.62,24.23,33006.25,231.75
345494c1,A4B6B6,A21N,N4022J,FALSE,AMS,BOS,B632,JBU,JBU32,10,4,17,-356.1035955,-332.6108646,-327.1598643,11.5,54.96,-7.405,34500,377.75
345494fd,45A943,H25B,OY-JJC,FALSE,RKV,OVD,EZ911,SUS,SUS901A,29,5,27,-349.3271305,-356.3469498,-372.2725322,10.5,54.13,-4.885,36175,434.3333333
34549965,,LJ75,,FALSE,,,,,LJ75,10,6,1,0,0,0,10.2,39.52,-0.43,42190,438
345499da,E80623,A20N,CC-DIJ,FALSE,TLS,KEF,OMD158,JAT,OMD158,9,24,3,-348.9651913,-350.6562697,-384.6638142,10.5,55.49,-3.8,38004.16667,429.6666667
34549ade,4BCE02,B738,TC-SPB,FALSE,AYT,LEJ,XQ274,,SXS4FE,33,0,3,-385.1346906,-402.4859552,-404.3986621,10.2,44.63,24.54,35995,437.2
34549c1c,01025F,B738,SU-RSA,FALSE,NQZ,SSH,4S5214,RSX,RSX5214,2,20,1,-354.1390343,-298.0041387,-207.5615468,12.28571429,41.11,40.54,36282.14286,387.8571429
34549c95,471DD6,A332,HA-LHU,FALSE,ALA,BUD,,,WZZ207,2,6,15,-327.6311861,-316.4551962,-294.1977342,13.16666667,41.62,40.705,38000,398
3.45E+25,4D2481,FA7X,9H-BELL,FALSE,VIE,RAI,,GES,GSM07X,8,8,0,-459.1096142,-457.6241778,-453.455621,10.5,40.415,0.855,39504.16667,473.5
34549eb4,4A81F9,GLF4,102002,FALSE,QEI,,SVF680,SVF,SVF680,151,174,173,0,0,0,10.71428571,57.06,19.87,40760.71429,433.7142857
34549f04,459D6E,A338,OY-GKN,FALSE,CPH,SFJ,GL781,GRL,GRL781,5,3,5,-416.0674954,-422.7803053,-422.1499335,10,61.245,-0.14,37868.75,456.75
34549f5f,33FFFE,FA50,MM62026,FALSE,TBS,CIA,IAM3106,IAM,IAM3106,6,0,3,-314.6611255,-311.8044302,-347.5994164,12.71428571,41.08,30.85,38275,377.5714286
34549fac,,F900,,FALSE,,,,,F900,20,29,15,0,0,0,10.71428571,40.43,33.56,40135.71429,508.4285714
3454a0ce,486442,C56X,PH-GHZ,FALSE,ANR,LCA,,,PHGHZ,18,3,3,-392.8318083,-379.5927246,-381.8168729,10.71428571,43.65,21.27,44142.85714,435.8571429
3454a248,,GLF5,,FALSE,,,,,GLF5,1,3,8,0,0,0,13.2,39.93,19.18,40005,451.8
3454a25c,,GLEX,,FALSE,,,,,GLEX,35,7,7,0,0,0,16.25,39.02,0.045,42993.75,507.75
3454a28b,E49770,E550,PS-JAJ,FALSE,GOA,,,,PSJAJ,10,0,7,0,0,0,10.2,39.34,-0.74,39510,435.6
3454a2aa,505CEA,B738,OM-GTJ,FALSE,BCN,OTP,W43176,RLX,WMT74YP,22,9,11,-409.4671005,-427.4438964,-387.5179782,10.5,42.45,15.095,35500,457.5
3454a2dd,3C0CDB,CL60,D-ATWO,FALSE,FJR,,UNI162,UNI,UNI162,10,24,4,0,0,0,13,42.235,32.24,37570,416.8
3454a3ea,485D61,E145,PH-DWA,FALSE,AJR,LGG,AGR2,AGR,AGR0002,2,16,0,-388.7123476,-394.6758029,-378.363349,10,57.87,14.06,36000,428.75
3454a5cf,68332F,E35L,UP-EM024,FALSE,VKO,DWC,5B5120,EAK,EAK5120,18,45,14,-304.8374913,-358.2620009,-434.2665918,10.71428571,46.15,51.02,38717.85714,476.1428571
3454a63f,,FA7X,,FALSE,,,,,FA7X,15,25,23,0,0,0,10.2,49.27,7.93,40005,446.6
3454a90e,8990A8,B738,B-18610,FALSE,XFW,DWC,CI1710,,CAL1710,4,3,11,-379.1697304,-382.9695985,-411.3589328,13.22222222,42.02,28.91,38944.44444,472.3333333
3454a99d,73957C,H25B,4X-CUT,FALSE,TLV,CMF,,TMI,4XCUT,2,1,2,-342.7681917,-333.4125618,-337.6829159,11.71428571,39.32,20.51,39432.14286,381.4285714
3454a9cf,458661,B734,OY-ASA,FALSE,FRL,SNN,CAT9003,,CAT9003,39,3,27,-325.9951399,-331.6588272,-314.5328665,10.2,50.71,4.87,35990,374
3454aa5b,,FA7X,,FALSE,,,,,FA7X,7,4,16,0,0,0,11.5,40.865,29.69,43865.625,502.375
3454aae5,4CC55E,B744,TF-AMK,FALSE,FRA,RUH,SV926,,SVA926,16,5,13,-411.7338068,-428.5180012,-467.1809435,11,39.46,15.84,34506.25,519.25
3454abf6,AADF8E,GL5T,N80AK,FALSE,GVA,TEB,,,N80AK,4,11,4,-383.4030348,-384.7060381,-384.7524391,10.5,50.155,-5.72,42250,420.5
3454ada2,AE67E9,P8,,TRUE,,,,,,177,92,168,0,0,0,13.6,44.74,29.13,33400,432.6
3454af76,,PC24,,FALSE,,,,,PC24,344,11,26,0,0,0,10.5,49.23,2.495,37743.75,369.75
3454b17f,39ADEC,F2TH,F-HLPM,FALSE,OTP,CFE,,BIB,FHLPM,2,3,4,-412.3847541,-412.9675353,-397.128933,10.5,45.2,15.285,42768.75,437
3454b302,39B44E,A21N,F-HNCO,FALSE,ORY,EWR,B0100,DJT,DJT100,0,4,2,-317.5801293,-301.106762,-271.6685006,11,52.87,-9.575,35506.25,361.5
3454b394,,C68A,,FALSE,,,,,C68A,8,0,2,0,0,0,11.8,58.1,18.54,39805,440.6
3454b418,,BE4W,,FALSE,,,,,BE4W,17,3,4,0,0,0,11,43.685,17.105,37637.5,422
3454b495,4A5243,CL30,YR-TRC,FALSE,TZX,BER,TOY227,TOY,TOY227,2,39,14,-290.8273185,-355.2976646,-432.2530831,11,44.85,27.34,40000,441.1666667
3454b68b,,E55P,,FALSE,,,,,E55P,2,2,2,0,0,0,11,58.275,18.655,42937.5,435.75
3454b8a9,3E3E62,C25M,D-IOVA,FALSE,OPO,ZRH,,,DIOVA,6,18,3,-338.8945005,-324.7786221,-291.3854621,11,43.17,-0.315,39931.25,346.5
3454b8be,45C86B,A20N,OY-RCK,FALSE,XRY,BLL,RC7201,FLI,FLI7201,3,8,10,-387.0124989,-383.5243086,-390.9299883,11.2,47.54,0.78,37800,419.6
3454b8fb,4BCEB5,B738,TC-SUU,FALSE,ADB,STR,XQ972,,SXS81Y,6,21,8,-392.812727,-386.9890901,-399.0343909,11,44.65,20.32,36000,433.25
3454baa6,45C86C,A20N,OY-RCL,FALSE,LPA,FAE,RC497,FLI,FLI497,6,1,15,-405.7047272,-402.3757457,-395.1719258,12.5,46.96,-6.665,36756.25,444.25
3454bca5,34718D,A332,EC-NRG,FALSE,DOH,BCN,IB2660,,IBE2660,4,13,36,-359.1223161,-355.9343543,-687.0369488,15.4,36.87,17.21,38000,401.2
3454bd23,,B350,,FALSE,,,,,B350,80,3,24,0,0,0,13.11111111,43.39,14.01,33000,273.1111111
3454c126,505CD8,B738,OM-FEX,FALSE,LPA,LIL,NT3012,AXE,IBB3PM,19,0,3,-395.3141979,-394.5587922,-397.2811229,12,39.645,-3.795,36000,437
3454c258,440BAC,C56X,OE-GWE,FALSE,SZG,LCG,MOZ731,MOZ,MOZ731,4,3,51,-366.2021927,-339.4621363,-341.0963113,11.5,44.205,1.35,40106.25,410
3454c299,4B8693,E35L,TC-ATS,FALSE,DWC,,,,TCATS,9,42,2,0,0,0,13,38.005,40.625,40000,384.5
3454c2aa,738062,B738,4X-EKR,FALSE,TLV,WAW,LY5101,,ELY5101,82,329,12,-379.3233679,-402.8441275,-401.8395287,11.5,42.645,28.155,35991.66667,447.3333333
3454c482,,GL7T,,FALSE,,,,,GL7T,2,16,13,0,0,0,13.8,40.66,21.54,42985,476.6
3454c979,471841,C650,HA-JEV,FALSE,AGP,HAM,JSG259,JSH,JSG259,21,5,23,-365.8996635,-392.0668801,-392.6230158,11.8,45.15,-0.63,41755,423.6
3454ce4c,,GL5T,,FALSE,,,,,GL5T,12,4,3,0,0,0,14,44.66,19.645,43537.5,488.6666667
3454cef5,18082,A333,5A-ONQ,FALSE,IST,MJI,8U971,AAW,AAW971,91,15,9,-102.0363337,-371.5292339,-361.9733465,13.5,34.76,27.66,37250,416.75
3454cfe7,4912C8,C25B,CS-DVH,FALSE,BQH,AGP,VVV232,VVV,VVV232,12,1,0,-366.4731933,-374.0114694,-368.7165685,12,44.745,-3.79,41450,397.25
3454d116,A98B45,GLF3,N714DS,FALSE,RMS,,PH604,,GRB604,10,19,11,0,0,0,11.8,53.81,-2.26,41975,411
3454d15c,440028,C55B,OE-GPS,FALSE,ALC,LIL,,TYW,TYW847S,12,354,349,-299.7376353,-294.548075,-309.1918527,11.5,43.945,1.305,37500,326.5
3454d165,49D407,E55P,OK-PHM,FALSE,HUY,AGP,,AAN,OKPHM,6,0,1,-382.4759662,-380.6362355,-404.0281942,12,44.98,-3.555,41500,431.25
3454d25e,45AA50,A320,OY-JRP,FALSE,IST,SHJ,G9322,DTR,ABY322,1,2,41,-441.9382957,-419.8086787,-390.3677752,13.2,37.85,40.37,38330,495.2
3454d402,440C58,F2TH,OE-HCY,FALSE,TBS,NCE,SKV111,SKV,SKV111,0,26,8,-300.0242512,-387.9526263,-390.1265309,12.71428571,42.89,26.95,43000,415.2857143
3454d419,A94DB8,G280,N699SC,FALSE,TLV,BFS,,,N699SC,232,1,3,-1033.591285,-416.1324413,-424.2475643,13.375,46.7,17.42,43000,451.25
3454d5a1,3CC005,E55P,D-CAAF,FALSE,BMA,NCE,,AZE,AZE25HJ,3,9,24,-373.1867009,-385.2794295,-405.6963573,12,53.175,10.925,40500,430.5
3454d5cd,3E47B1,C525,D-ISIR,FALSE,SIR,BMA,MCK308,MCK,MCK308,2,1,15,-331.3183165,-346.754418,-351.4407437,12,52.975,10.945,40000,373.25
3454d63b,15063B,GL5T,RA-67131,FALSE,AER,,RFE9732,TUL,RFE9732,87,0,340,0,0,0,13,46.17,50.12,45025,483.5
3454d806,503D1A,H25B,LY-BGH,FALSE,TBS,PFO,,,LLT736B,13,16,41,-314.2068854,-320.2212573,-315.2279641,12,38.48,38.64,40500,358
3454d8d6,3A3280,B789,F-OMUA,FALSE,CDG,LAX,TN7,THT,THT7,7,9,10,-381.5038515,-390.7789146,-420.8663195,12.2,57.08,-5.7,35955,459.8
3454dcdb,40616C,C55B,G-CMBC,FALSE,IBZ,OXF,LJC5,LJC,LJC5,11,7,1,-299.1911992,-294.5806923,-305.7496686,12,44.89,-0.155,36581.25,334
3454dd41,4CAAB1,B737,EI-TVG,FALSE,ALC,VNO,LTC101,LTC,LTC101,11,5,9,-371.5574284,-389.2123113,-405.5824929,12.5,46.14,11.53,39995.83333,431.1666667
3454dfe3,,F2TH,,FALSE,,,,,F2TH,3,10,7,0,0,0,12,40.93,21.615,41500,476.5
3454dfe4,,F2TH,,FALSE,,,,,F2TH,13,8,2,0,0,0,12.2,47.15,1.65,42625,444.4
3454e1aa,48D000,CL35,SP-WAA,FALSE,AGP,KRK,,JDI,JDI22R,26,12,1,-415.6899367,-412.6625761,-415.5973351,12.5,43.105,6.575,40320.83333,446.8333333
3454e1e5,48B206,B763,SP-MRG,FALSE,BUD,HKG,TE701,IGA,IGA701,3,14,8,-298.6152252,-367.888108,-444.0773105,13,42.13,36.71,37000,494.5
3454e31b,781133,A332,B-8981,FALSE,LIS,HGH,JD622,CBJ,CBJ622,6,2,9,-397.8845448,-422.5088462,-420.9740737,14.1,55.32,10.295,36700,458.6
3454e42e,151F69,GL5T,RA-73577,FALSE,VKO,GYD,,,RLA7771,43,18,27,-412.0573701,-479.6534272,-504.0869791,12,49.315,45.45,41300,529.75
3454e4c5,738444,A21N,4X-AGK,FALSE,TLV,PRG,IZ281,AIZ,AIZ281,1,5,0,-376.3458219,-405.556605,-420.7999963,13.2,42.31,23.03,35620,435.4
3454e584,,GLF6,,FALSE,,,,,GLF6,1,0,7,0,0,0,13.77777778,47.5,15.42,41666.66667,486.8888889
3454e5be,42,0,0,FALSE,TBS,,HMJ225,,HMJ225,13,23,35,0,0,0,14,41.81,35.895,36987.5,366.5
3454e785,507C5D,A320,UK32030,FALSE,IST,SKD,HH572,QNT,QNT572,10,30,6,-452.5698931,-463.5685101,-465.6509186,13,40.985,43.375,35006.25,507
3454e7a3,3E3D01,C25A,D-IOHL,FALSE,VLC,BER,,ECA,ECA2HL,15,17,16,-296.0164227,-308.7162439,-328.6486273,12.5,44.385,8.4,40000,366.5
3454e7a5,43C39C,R135,ZZ665,FALSE,WTN,,RRR7212,RFR,RRR7212,6,42,11,0,0,0,14.33333333,55.58,19.6,34472.22222,429.5555556
3454e7b5,4.52E+03,C56X,LZ-CVA,FALSE,GVA,RMO,HLR777,,HLR777,4,5,5,-383.7809044,-379.0449834,-377.6794377,14,47.47,17.2,37000,412.5
3454e8ed,39CE24,A359,F-HTRE,FALSE,ORY,PUJ,TX606,FWI,FWI606,6,5,8,-378.3720327,-394.8973015,-405.3185372,12.5,46.1,-8.305,37993.75,439
3454e923,4D24FE,A332,9H-HFJ,FALSE,CDG,DSS,HC404,HFY,SZN404,3,10,2,-413.6580782,-415.3456504,-411.4711731,12.8,41.6,-6.68,37200,448.6
3454eb61,45A94B,HA4T,OY-JJK,FALSE,PMI,BLL,,,JNJ5KC,3,328,10,-340.5991477,-398.1240663,-417.388433,12.5,47.89,1.97,45000,438.75
3454ee31,20199,CL30,CN-EMM,FALSE,GVA,CMN,,,CNEMM,15,1,15,-410.1556246,-401.2104436,-393.4915014,12.5,39.205,-1.02,45000,442.5
3454eecd,44B4A4,LJ45,OO-MED,FALSE,PFO,LGG,,,OOMED,8,1,0,-374.7627495,-380.3055703,-398.9119788,13,42.425,21.035,44666.66667,423
3454efab,0A0097,C56X,7T-VNM,FALSE,LIN,HME,,,7TVNM,0,6,11,-425.9778188,-413.8971074,-320.8885341,12.5,38.51,7.13,39018.75,445
3454f021,3CD950,LJ35,D-CJPG,FALSE,LPA,CGN,QAJ5,QAJ,QAJ5,0,15,7,-406.6127034,-387.2527473,-407.9381301,17,42.905,-4.765,39006.25,440.25
3454f084,3CE997,PC24,D-CPTN,FALSE,LCA,CMF,PTN946,PTN,PTN946,33,16,2,-310.4878425,-307.2948843,-310.309484,13.71428571,40.79,22.54,42985.71429,344.4285714
3454f31b,AE29FE,B737,166695,FALSE,CHQ,,,CNV,CNV4333,4,5,20,0,0,0,13.71428571,43.21,8.84,37714.28571,386.1428571
3454f413,44958B,FA8X,OO-ELK,FALSE,LBG,TEB,AAB45,AAB,AAB45,37,3,3,-336.572491,-328.8638984,-329.6592849,12.5,51.26,-6.585,39712.5,406
3454f8fd,734D27,A306,EP-SIG,FALSE,IST,IKA,MRJ4804,MRJ,MRJ4804,36,45,2,-455.8045908,-514.4294483,-418.010009,12.8,38.01,41.47,34920,550.6
3454f9e3,,FA8X,,FALSE,,,,,FA8X,8,1,18,0,0,0,13.71428571,56.43,7.13,40857.14286,442.2857143
3454fb4a,4BCA62,LJ45,TC-RSB,FALSE,ISL,DIY,RHH37,RHH,RHH037,1,16,55,-437.8997193,-144.5329708,412.0359486,13.75,38.69,39.345,39531.25,499.25
3454fbc4,,GLF6,,FALSE,,,,,GLF6,25,4,3,0,0,0,13.66666667,44.155,27.64,40733.33333,526
3454fbed,501C0C,B738,9A-ABC,FALSE,FUE,AMS,HV6706,EZZ,TRA7F,16,26,0,-402.7611391,-404.9675147,-406.0740946,13.8,40.59,-3.97,35600,443.4
3454fc70,,GLEX,,FALSE,,,,,GLEX,7,10,24,0,0,0,13.2,53.29,-1.09,40805,434.6
345500be,,GLF5,,FALSE,,,,,GLF5,10,5,5,0,0,0,13,39.605,22.385,41000,521.75
345502fc,E49163,A332,PR-AIU,FALSE,ORY,VCP,AD8701,AZU,AZU8701,10,4,1,-400.6227046,-406.1716666,-412.7598309,13.8,40.63,-10.14,36200,434.8
3455053e,,CL35,,FALSE,,,,,CL35,8,3,13,0,0,0,13.5,47.15,14.485,39533.33333,434.8333333
345505b4,151DB9,73H,RA-73145,FALSE,AER,VKO,UT268,,UTA268,230,38,14,-246.6534609,-302.5576229,-330.5164901,13.8,48.91,44.81,35000,384
3.46E+11,503D6F,A320,LY-HMD,FALSE,HRG,VNO,HN2862,HST,HST2862,1,12,2,-381.0888034,-396.0667051,-399.5266134,14.2,42.42,23.72,34005,454.4
345508be,151E2D,B738,RA-73261,FALSE,MRV,VKO,R3480,SYL,SYL480,226,28,2,-266.632173,-338.6166931,-342.7722148,13,48.16,45.095,35000,401.5
34550a5a,A572AF,GLF4,N450FX,FALSE,ZRH,BGR,LXJ450,LXJ,LXJ450,2,3,5,-375.6511204,-370.7274538,-372.118629,13.5,49.67,-5.205,43000,408
34550c1c,452087,A320,LZ-BHM,FALSE,DUS,EBL,UD438,BGH,UBD438,2,3,3,-422.0983107,-415.7988992,-406.0765433,14,45.11,23.17,33008.33333,479
34550d00,,GLEX,,FALSE,,,,,GLEX,15,5,8,0,0,0,16,44.45,25.38,41410.71429,524
34551044,407C5E,A333,G-EODS,FALSE,STN,CKG,ZT287,,AWC287,1,23,3,-353.129302,-332.6273434,-224.9084261,14.625,44.905,24.045,39000,495.875
34551165,40700A,A321,G-POWN,FALSE,OTP,LGW,ZT662,AWC,AWC662,5,2,3,-420.6705214,-412.6510952,-366.8064287,13.5,48.51,14.06,34475,433.75
345511bf,4A1265,A320,YR-DSE,FALSE,BCM,DUB,DN407,JOC,JOC407,4,2,1,-416.875409,-412.7514689,-389.8903236,14,51.085,10.12,36000,423.8333333
34551230,424317,A320,VP-BAC,FALSE,AMS,TAS,,,VPBAC,28,2,3,-351.562611,-255.733071,-232.4815449,14.625,43.65,25.3,39003.125,491.875
34551599,,F2TH,,FALSE,,,,,F2TH,0,7,3,0,0,0,14.28571429,44.21,28.47,41000,463.4285714
34551619,778822,A320,YK-BAB,FALSE,,,SAW423,SAW,SAW423,300,9,13,0,0,0,14,42.7,47.25,33006.25,399.5
34551817,3CC9AB,LJ35,D-CDRF,FALSE,AYT,,1I112,AMB,AMB112,2,28,10,0,0,0,13.8,43.51,23.51,37975,424.8
34551829,33FD99,GLF5,MM62303,FALSE,,,IAM1470,IAM,IAM1470,180,29,0,0,0,0,13.8,39.67,18.29,40030,436
34551a02,501D13,CL60,9A-CRO,FALSE,ZAG,GYD,,,9ACRO,18,10,10,-405.9117496,-459.8201113,-319.8465325,13.8,42.78,30.44,35010,509.2
34551ba1,3CEFBD,C56X,D-CSCB,FALSE,FNC,LBG,SCR187,SCR,SCR187,16,1,3,-390.6026359,-395.9700199,-389.4825414,14.2,39.56,-10.6,40980,424
34551d76,3CE630,LJ45,D-COMA,FALSE,HEL,MAN,UNI136,,UNI136,7,6,0,-405.1966259,-402.6253936,-376.1023402,13.5,57.895,9.985,43000,427.5
345523b8,4D23EC,A320,9H-MLO,FALSE,LGW,MLA,KM117,NVD,AMC117,11,15,2,-454.0843042,-458.5168066,-455.2866188,14,43.815,8.675,35006.25,498.5
34552411,347555,A332,EC-OAP,FALSE,WAW,PMV,PU971,PUE,PUE971,21,4,5,-388.5948734,-347.4661849,-371.6809967,14.85714286,44.32,1.91,35029.71429,456.8571429
34552cec,3465C9,A320,EC-ISI,FALSE,NTE,RAK,V72372,VOE,VOE96HA,19,1,16,-368.81756,-393.7702271,-392.5288829,14,40.2,-6.97,37006.25,427.25
34552ee0,3CEA40,LJ45,D-CQAA,FALSE,SCQ,OSL,QAJ1,QAJ,QAJ1,2,9,14,-398.1087013,-387.7966362,-410.1937226,14.2,50.05,2.3,43000,453.2
34553096,06A1C6,GLF6,A7-CGA,FALSE,LCA,ZRH,QE723,QQE,,31,8,1,-395.7152949,-422.0618731,-432.9398686,14.2,40.22,24.37,46560,455.2
34553359,142AF8,GLF6,RA-11000,FALSE,ISL,VKO,,,RLA1111,27,250,21,-142.2365962,-0.6396317513,-399.3757136,14.5,44.8,43.61,41000,540
3455337e,398699,A21N,F-HBUZ,FALSE,MXP,EWR,B0300,DJT,DJT300,15,12,9,-286.0021996,-294.193716,-309.5095396,14.8,52.54,-0.88,35910,381.2
345533d6,1.51E+27,B738,RA-73253,FALSE,MRV,DME,Y7403,TYA,TYA403,226,27,3,-283.9387255,-290.5188354,-341.9750377,14.2,49.21,44.22,35000,393.2
34553ac8,700011,A343,YA-KME,FALSE,MZR,IST,RQ9011,KMF,KMF9011,7,28,26,-339.4781195,-301.4876888,-353.0984019,17,41.135,42.76,38000,376.5
34553b74,4BCE02,B738,TC-SPB,FALSE,LEJ,AYT,XQ275,,SXS9JH,14,2,5,-399.423838,-401.1264849,-408.4865198,14.5,46.07,19.865,36725,440.75
34553f2f,39C642,C25A,F-HRSC,FALSE,NCE,RVN,,,FHRSC,335,1,2,-311.8750715,-347.7242932,-359.5001355,15.16666667,52.435,12.965,44779.16667,375
34554240,452033,A320,LZ-LAG,FALSE,DUS,HRG,H68282,BUC,BUC8282,12,2,0,-420.3533871,-428.6590542,-422.04584,14.8,43.35,17.81,34975,459.8
34554658,7.41E+07,H25B,JY-AWD,FALSE,ZRH,BJV,,AWS,JYAWD,15,2,0,-416.8012387,-416.5021999,-417.2887172,14.5,43.69,18.475,35018.75,449.75
345546f8,,FA8X,,FALSE,,,,,FA8X,13,35,4,0,0,0,14.8,44.56,26.3,41180,472.4
34554707,46788D,LJ35,LJ-1,FALSE,BRU,JYV,FNF179,FNF,FNF179,5,5,9,-392.9552207,-400.6508186,-397.0253586,14.5,56.77,11.765,36956.25,424.75
345550df,500362,GLEX,T7-ALEX3,FALSE,LTN,DWC,,,T7ALEX3,5,18,2,-463.0724774,-452.2171441,-905.5211352,16,42.85,28.81,41003.57143,464.1428571
345555b5,4A2181,B738,YR-HLA,FALSE,HRG,BER,6Y306,AEZ,ART306,11,11,5,-403.4629305,-811.788612,-411.8613213,16,43.76,21.64,35595,445.4
345557af,02A1A7,A320,TS-INH,FALSE,JED,TUN,BJ4141,LBT,LBT4141,19,3,2,-370.035826,-347.6271674,-342.9385757,17,35.215,20.03,34000,391.5
345558bb,0A009B,B738,7T-VCF,FALSE,JED,,SF5561,DTH,DTH5561,18,2,2,0,0,0,17,34.875,19.185,36006.25,377.5
345558f4,,GA6C,,FALSE,,,,,GA6C,2,3,19,0,0,0,15,40.45,38.32,44312.5,566.5
345559f3,142AFC,GLF4,RA-11044,TRUE,IST,VKO,MMM9632,MMM,MMM9632,6,61,300,-1.096900026,-138.5992217,-351.0216687,17,42.635,44.96,43000,485.5
34555a61,4D24A9,B744,9H-AKJ,FALSE,EMA,JED,SV3046,,SVA3046,5,27,6,-448.8544452,-466.297354,-920.9322943,15.66666667,44.455,16.195,40333.33333,501.8333333
3.46E+99,,GLF5,,FALSE,,,,,GLF5,38,14,3,0,0,0,15,39.155,20.89,40843.75,410.5
34556166,,FA8X,,FALSE,,,,,FA8X,31,0,6,0,0,0,16,42.49,29.4,39228.57143,489.5714286
34556380,,GA5C,,FALSE,,,,,GA5C,18,20,23,0,0,0,15,38.64,33.135,43506.25,584.75
34556512,7000A1,A310,YA-FGF,FALSE,KBL,IST,FG719,AFG,AFG719,8,21,2,-337.6885546,-342.3915408,-343.0833031,17,39.185,42.725,35993.75,372.75
345567c8,,F2TH,,FALSE,,,,,F2TH,11,24,3,0,0,0,17,39.51,42.41,43493.75,377
34556809,,GL7T,,FALSE,,,,,GL7T,17,4,17,0,0,0,15.4,46.85,19.1,42990,478
34556b74,400F63,A346,G-ECLN,FALSE,BOH,CTU,SE600,URO,URO600,8,10,18,-349.5332445,-624.6767472,-194.6950274,16.33333333,45.055,22.48,39004.16667,499.5
3.46E+96,02019A,LJ45,CNTMV,FALSE,ALC,OSL,,,AOM396M,8,1,16,-359.476427,-348.8721282,-714.6822548,15.66666667,48.735,2.54,40845.83333,410.3333333
345576b9,,GLF5,,FALSE,,,,,GLF5,17,6,2,0,0,0,16.25,57.075,-6.6,43000,449.5
34557934,502D81,GLEX,YL-DAM,FALSE,VIE,ALA,,UAG,UAG28S,19,20,7,-324.5851932,-696.300886,-472.095135,16.33333333,42.065,37.25,39779.16667,523.5
3455848c,4BD189,B738,TC-TLI,FALSE,DUS,EBL,IA234,IAW,IAW234,1,3,11,-407.1601599,-418.9582079,-432.6790672,17,44.69,24.24,37000,462
345588d1,4BCA66,CL60,TC-RSF,FALSE,KWI,BRS,RHH35,RHH,RHH035,0,15,2,-365.7570645,-348.8479352,-339.5119754,17,40.31,36.975,36506.25,392.5
34558d0e,730601,A343,EP-APA,FALSE,IKA,IST,EP512,IRC,IRC512,24,0,1,-692.3426712,-364.5297547,-358.6892326,16.25,39.81,38.065,38000,382.5
34559104,738062,B738,4X-EKR,FALSE,WAW,TLV,LY5102,,ELY5102,19,7,12,-780.3408423,-373.6215567,-387.2214285,16.25,40.805,27.27,37000,418
345595ee,73957C,H25B,4X-CUT,FALSE,CMF,TLV,,TMI,4XCUT,5,7,3,-877.7226055,-437.5043219,-433.0175233,16.6,38.43,22.4,36595,477.6
3455a2b1,505CD8,B738,OM-FEX,FALSE,LIL,LPA,NT3013,AXE,IBB7TD,2,2,2,-400.3052993,-389.8579081,-386.475431,17,40.64,-7.595,37587.5,425
3455a41e,3CD43B,C25B,D-CHRF,FALSE,PMO,DUS,HR910,HHN,HHN910,6,7,17,-319.89952,-321.1929208,-302.6158945,17,46.82,10.995,37900,349.25
3455ab69,70612C,A20N,9K-CBE,FALSE,KWI,DME,J9337,JZR,JZR337,332,355,353,-343.4687233,-327.5477328,-327.8657049,17,39.555,50.285,36506.25,405.25
3455ad42,3CF62A,LJ45,D-CUNI,FALSE,ALC,MMX,UNI137,UNI,UNI137,1,17,1,-377.5456782,-393.0370465,-400.0800246,17,47.4,8.055,42987.5,431.25
3455af25,4D2103,CRJ2,9H-JOY,FALSE,ISL,FRA,,AXY,AXY471T,2,8,0,-409.0932041,-414.611192,-391.9900605,17,46.39,19.555,35518.75,435.5
3455b390,328826,738,,FALSE,BGW,IST,IF221,,FBA221,16,7,3,-343.0905984,-346.3268497,-378.0828722,17,39.11,36.88,34356.25,369
3455b3cf,,GLF5,,FALSE,,,,,GLF5,5,5,1,0,0,0,17,52.5,-8.33,41850,405.75
3455be3e,,GL5T,,FALSE,,,,,GL5T,4,3,16,0,0,0,17,52.215,6.385,43000,482.25
3455c3a3,6355B5,GLEX,N98WG,FALSE,VLC,BLR,,,N98WG,39,8,14,-439.3223453,-484.0709363,-491.9899517,17,39.02,10.71,39312.5,525.25
3455c42e,45209C,A320,LZ-MDI,FALSE,SOF,ALC,W64413,USW,WZZ7392,9,3,2,-392.0058657,-393.8480466,-386.5995271,17,41.535,14.425,35293.75,423
3455c814,4B199D,CL60,HB-JSF,FALSE,ADB,STR,,,HBJSF,6,4,4,-387.2313352,-401.3490112,-385.11083,17,42.665,20.69,37375,424.75
3455c8bd,48C812,BE40,SP-TAT,FALSE,NCE,GLA,,SAH,SAH26P,5,1,9,-301.7504847,-309.9214911,-321.085364,17,48.435,3.38,38018.75,340.75
3455cb1e,451D86,E190,LZ-VAR,FALSE,SOF,BRU,FB407,LZB,LZB407,2,7,0,-408.6761894,-398.1621059,-380.5266204,17,47.335,15.97,37306.25,432.25
3455d1a1,49D4CF,E55P,OK-STS,FALSE,OSR,BCN,,QAV,QAV30E,5,3,11,-408.2473028,-403.6307928,-387.5716745,17,45.52,9.995,37231.25,438.5